{
  "type": "FeatureCollection",
  "generator": "overpass-turbo",
  "copyright": "The data included in this document is from www.openstreetmap.org. The data is made available under ODbL.",
  "timestamp": "2026-02-23T10:05:12Z",
  "features": [
    {
      "type": "Feature",
      "properties": {
        "@id": "relation/5427468",
        "access": "private",
        "addr:city": "La Couvertoirade",
        "addr:postcode": "12230",
        "alt_name": "Accro-Roc",
        "leisure": "pitch",
        "name": "Accro Roc",
        "sport": "climbing_adventure",
        "type": "multipolygon",
        "website": "http://acrorocdesinfruts.com/",
        "@geometry": "center"
      },
      "geometry": {
        "type": "Point",
        "coordinates": [
          3.2548994,
          43.9028598
        ]
      },
      "id": "relation/5427468"
    },
    {
      "type": "Feature",
      "properties": {
        "@id": "relation/15471446",
        "addr:street": "Parc de la Burelière",
        "description": "Filets suspendus, grimpe aux arbres",
        "email": "parcaboutdedaledescimes@gmail.com",
        "fee": "yes",
        "leisure": "sports_centre",
        "name": "Parcabout : Le Dédale des Cimes",
        "opening_hours": "\"Variable\"",
        "operator:type": "private",
        "phone": "+33 6 13 75 19 43",
        "sport": "climbing_adventure",
        "type": "multipolygon",
        "website": "https://www.dedaledescimes.fr/",
        "@geometry": "center"
      },
      "geometry": {
        "type": "Point",
        "coordinates": [
          -0.9815433,
          47.5253161
        ]
      },
      "id": "relation/15471446"
    },
    {
      "type": "Feature",
      "properties": {
        "@id": "relation/17218387",
        "leisure": "sports_centre",
        "name": "Accrobranche, Accro-speeder, Benji éjection",
        "sport": "climbing_adventure",
        "type": "multipolygon",
        "@geometry": "center"
      },
      "geometry": {
        "type": "Point",
        "coordinates": [
          2.049051,
          49.0307333
        ]
      },
      "id": "relation/17218387"
    },
    {
      "type": "Feature",
      "properties": {
        "@id": "way/57746291",
        "contact:email": "secretariat@velaine-aventures.fr",
        "contact:facebook": "https://www.facebook.com/tipipark.fr/",
        "contact:phone": "+33 3 83231515",
        "contact:website": "https://www.velaine-aventures.fr/",
        "leisure": "sports_centre",
        "name": "Velaine Aventures",
        "operator": "S.A.S Velaine Aventures",
        "operator:type": "private",
        "sport": "climbing_adventure",
        "tourism": "attraction",
        "wheelchair": "yes",
        "@geometry": "center"
      },
      "geometry": {
        "type": "Point",
        "coordinates": [
          6.0699074,
          48.6969594
        ]
      },
      "id": "way/57746291"
    },
    {
      "type": "Feature",
      "properties": {
        "@id": "way/61963039",
        "leisure": "sports_centre",
        "name": "Parc Aventure A Tyrolina",
        "opening_hours": "Mo-Su 10:00-19:00",
        "phone": "+33 4 95 21 78 04",
        "sport": "climbing_adventure",
        "website": "https://www.atyroliana.com/",
        "@geometry": "center"
      },
      "geometry": {
        "type": "Point",
        "coordinates": [
          9.3010268,
          41.7199568
        ]
      },
      "id": "way/61963039"
    },
    {
      "type": "Feature",
      "properties": {
        "@id": "way/67332071",
        "building": "yes",
        "name": "Parc d'aventures de Brumath",
        "sport": "climbing_adventure",
        "@geometry": "center"
      },
      "geometry": {
        "type": "Point",
        "coordinates": [
          7.7198959,
          48.705107
        ]
      },
      "id": "way/67332071"
    },
    {
      "type": "Feature",
      "properties": {
        "@id": "way/70835998",
        "building": "yes",
        "name": "Vertiges de l’Adour",
        "source": "cadastre-dgi-fr source : Direction Générale des Impôts - Cadastre. Mise à jour : 2010",
        "sport": "climbing_adventure",
        "wall": "no",
        "website": "https://www.vertigedeladour.com/",
        "@geometry": "center"
      },
      "geometry": {
        "type": "Point",
        "coordinates": [
          0.2044982,
          42.9260979
        ]
      },
      "id": "way/70835998"
    },
    {
      "type": "Feature",
      "properties": {
        "@id": "way/75750819",
        "leisure": "recreation_ground",
        "name": "Palau Aventures",
        "name:ca": "Palau Aventures",
        "phone": "+33 6 77 20 92 09",
        "sport": "climbing_adventure",
        "@geometry": "center"
      },
      "geometry": {
        "type": "Point",
        "coordinates": [
          2.9590821,
          42.5805732
        ]
      },
      "id": "way/75750819"
    },
    {
      "type": "Feature",
      "properties": {
        "@id": "way/95504991",
        "name": "Cap d'Aou",
        "natural": "cliff",
        "sport": "climbing_adventure",
        "@geometry": "center"
      },
      "geometry": {
        "type": "Point",
        "coordinates": [
          0.3507534,
          42.9710726
        ]
      },
      "id": "way/95504991"
    },
    {
      "type": "Feature",
      "properties": {
        "@id": "way/103032407",
        "leisure": "pitch",
        "name": "Parcours accrobranche",
        "sport": "climbing_adventure",
        "@geometry": "center"
      },
      "geometry": {
        "type": "Point",
        "coordinates": [
          6.5702053,
          45.3844965
        ]
      },
      "id": "way/103032407"
    },
    {
      "type": "Feature",
      "properties": {
        "@id": "way/122089759",
        "email": "contact@funforest.fr",
        "leisure": "sports_centre",
        "name": "Fun Forest",
        "phone": "+33 6 27 03 28 33",
        "source": "cadastre-dgi-fr source : Direction Générale des Impôts - Cadastre. Mise à jour : 2011",
        "sport": "climbing_adventure",
        "website": "http://www.funforest.fr",
        "@geometry": "center"
      },
      "geometry": {
        "type": "Point",
        "coordinates": [
          0.2748797,
          46.5323548
        ]
      },
      "id": "way/122089759"
    },
    {
      "type": "Feature",
      "properties": {
        "@id": "way/136014680",
        "leisure": "pitch",
        "source": "Le ministère de la ville, de la jeunesse et des sports - 2021-04",
        "sport": "climbing_adventure",
        "surface": "wood",
        "@geometry": "center"
      },
      "geometry": {
        "type": "Point",
        "coordinates": [
          5.3642361,
          43.4261611
        ]
      },
      "id": "way/136014680"
    },
    {
      "type": "Feature",
      "properties": {
        "@id": "way/141750123",
        "leisure": "sports_centre",
        "name": "Monkey Forest",
        "sport": "climbing_adventure",
        "website": "https://loisirs44.monkeyforest.fr/",
        "@geometry": "center"
      },
      "geometry": {
        "type": "Point",
        "coordinates": [
          -2.3719094,
          47.3914581
        ]
      },
      "id": "way/141750123"
    },
    {
      "type": "Feature",
      "properties": {
        "@id": "way/146412251",
        "landuse": "recreation_ground",
        "name": "Tarz'en Arbre",
        "sport": "climbing_adventure",
        "@geometry": "center"
      },
      "geometry": {
        "type": "Point",
        "coordinates": [
          1.2786752,
          45.8693718
        ]
      },
      "id": "way/146412251"
    },
    {
      "type": "Feature",
      "properties": {
        "@id": "way/148882733",
        "name": "Parc aventure Branches et Loisirs",
        "source": "data.gouv.fr:Le ministère des droits des femmes, de la ville, de la jeunesse et des sports - 2014",
        "sport": "climbing_adventure",
        "@geometry": "center"
      },
      "geometry": {
        "type": "Point",
        "coordinates": [
          2.0170074,
          48.7904097
        ]
      },
      "id": "way/148882733"
    },
    {
      "type": "Feature",
      "properties": {
        "@id": "way/157019391",
        "leisure": "sports_centre",
        "name": "O2 Aventure",
        "sport": "climbing_adventure",
        "website": "http://www.o2aventure.com",
        "@geometry": "center"
      },
      "geometry": {
        "type": "Point",
        "coordinates": [
          2.4169574,
          43.1840388
        ]
      },
      "id": "way/157019391"
    },
    {
      "type": "Feature",
      "properties": {
        "@id": "way/166721013",
        "leisure": "sports_centre",
        "name": "Accrobranche du Pont-du-Diable",
        "sport": "climbing_adventure",
        "@geometry": "center"
      },
      "geometry": {
        "type": "Point",
        "coordinates": [
          6.736845,
          45.2087144
        ]
      },
      "id": "way/166721013"
    },
    {
      "type": "Feature",
      "properties": {
        "@id": "way/166877330",
        "landuse": "recreation_ground",
        "name": "Montoz'Arbres",
        "sport": "climbing_adventure",
        "@geometry": "center"
      },
      "geometry": {
        "type": "Point",
        "coordinates": [
          1.7080402,
          45.5787632
        ]
      },
      "id": "way/166877330"
    },
    {
      "type": "Feature",
      "properties": {
        "@id": "way/186970498",
        "building": "yes",
        "name": "Les Ifers",
        "source": "cadastre-dgi-fr source : Direction Générale des Impôts - Cadastre. Mise à jour : 2012",
        "sport": "climbing_adventure",
        "website": "https://ifers.net/",
        "@geometry": "center"
      },
      "geometry": {
        "type": "Point",
        "coordinates": [
          2.9733925,
          44.455848
        ]
      },
      "id": "way/186970498"
    },
    {
      "type": "Feature",
      "properties": {
        "@id": "way/190168885",
        "addr:street": "Route du Vieux Pont",
        "contact:email": "hpts12@orange.fr",
        "contact:phone": "+33565674966",
        "fixme": "add better tag if existe",
        "leisure": "park",
        "note": "Accrobranche",
        "operator": "Benaventure",
        "source": "knwolage",
        "sport": "climbing_adventure",
        "@geometry": "center"
      },
      "geometry": {
        "type": "Point",
        "coordinates": [
          2.7086422,
          44.3968193
        ]
      },
      "id": "way/190168885"
    },
    {
      "type": "Feature",
      "properties": {
        "@id": "way/197213255",
        "addr:city": "Habère-Poche",
        "addr:housenumber": "70",
        "addr:postcode": "74420",
        "addr:street": "Route de Chez Prachex",
        "building": "detached",
        "contact:email": "xavieradpro@gmail.com",
        "contact:facebook": "lacordejoux",
        "contact:mobile": "+33 6 70 81 31 19",
        "contact:tripadvisor": "https://www.tripadvisor.fr/Attraction_Review-g1850386-d12989214-Reviews-La_Corde_Joux-Habere_Poche_Haute_Savoie_Auvergne_Rhone_Alpes.html",
        "contact:website": "http://www.lacordejoux.com",
        "name": "La Corde Joux",
        "operator": "Xavier Dejoux",
        "sport": "climbing_adventure",
        "@geometry": "center"
      },
      "geometry": {
        "type": "Point",
        "coordinates": [
          6.4607819,
          46.2541334
        ]
      },
      "id": "way/197213255"
    },
    {
      "type": "Feature",
      "properties": {
        "@id": "way/215075122",
        "building": "yes",
        "leisure": "sports_centre",
        "name": "Parc Aventura",
        "name:ca": "Parc Aventura",
        "source": "Bing",
        "sport": "climbing_adventure",
        "@geometry": "center"
      },
      "geometry": {
        "type": "Point",
        "coordinates": [
          2.8033965,
          42.5128507
        ]
      },
      "id": "way/215075122"
    },
    {
      "type": "Feature",
      "properties": {
        "@id": "way/215336390",
        "leisure": "sports_centre",
        "name": "Escalad'Parc",
        "sport": "climbing_adventure",
        "website": "https://www.escalad-parc.fr/",
        "@geometry": "center"
      },
      "geometry": {
        "type": "Point",
        "coordinates": [
          -1.0790287,
          44.7630889
        ]
      },
      "id": "way/215336390"
    },
    {
      "type": "Feature",
      "properties": {
        "@id": "way/222064925",
        "access": "private",
        "landuse": "recreation_ground",
        "name": "Parcours Aventure",
        "sport": "climbing_adventure",
        "@geometry": "center"
      },
      "geometry": {
        "type": "Point",
        "coordinates": [
          -1.5155405,
          43.5257592
        ]
      },
      "id": "way/222064925"
    },
    {
      "type": "Feature",
      "properties": {
        "@id": "way/222233293",
        "addr:street": "Avenue de La Pinède",
        "contact:website": "http://leucate-aventures.com/",
        "leisure": "sports_centre",
        "name": "Leucate Aventure",
        "sport": "climbing_adventure",
        "tourism": "theme_park",
        "@geometry": "center"
      },
      "geometry": {
        "type": "Point",
        "coordinates": [
          3.0381865,
          42.8460761
        ]
      },
      "id": "way/222233293"
    },
    {
      "type": "Feature",
      "properties": {
        "@id": "way/229442198",
        "leisure": "sports_centre",
        "name": "Orne Aventure",
        "sport": "climbing_adventure",
        "@geometry": "center"
      },
      "geometry": {
        "type": "Point",
        "coordinates": [
          -0.3767198,
          48.8254268
        ]
      },
      "id": "way/229442198"
    },
    {
      "type": "Feature",
      "properties": {
        "@id": "way/233271496",
        "sport": "climbing_adventure",
        "@geometry": "center"
      },
      "geometry": {
        "type": "Point",
        "coordinates": [
          5.8693904,
          46.9398054
        ]
      },
      "id": "way/233271496"
    },
    {
      "type": "Feature",
      "properties": {
        "@id": "way/238084966",
        "leisure": "sports_centre",
        "name": "France Aventures",
        "sport": "climbing_adventure",
        "website": "https://www.france-aventures.com/amneville-parc-loisirs-outdoor/",
        "@geometry": "center"
      },
      "geometry": {
        "type": "Point",
        "coordinates": [
          6.1300587,
          49.2431388
        ]
      },
      "id": "way/238084966"
    },
    {
      "type": "Feature",
      "properties": {
        "@id": "way/242656552",
        "leisure": "sports_centre",
        "name": "Acro-Branches",
        "sport": "climbing_adventure",
        "@geometry": "center"
      },
      "geometry": {
        "type": "Point",
        "coordinates": [
          1.4901113,
          42.7685416
        ]
      },
      "id": "way/242656552"
    },
    {
      "type": "Feature",
      "properties": {
        "@id": "way/292847874",
        "email": "saintbenoitaventure@free.fr",
        "fee": "yes",
        "landuse": "recreation_ground",
        "leisure": "sports_centre",
        "name": "Saint-Benoît Aventure",
        "phone": "+336 89 07 18 96",
        "sport": "climbing_adventure",
        "tourism": "attraction",
        "website": "http://saintbenoitaventure.com/",
        "@geometry": "center"
      },
      "geometry": {
        "type": "Point",
        "coordinates": [
          0.3252749,
          47.2227083
        ]
      },
      "id": "way/292847874"
    },
    {
      "type": "Feature",
      "properties": {
        "@id": "way/294824731",
        "access": "customers",
        "addr:city": "Lagnes",
        "addr:postcode": "84800",
        "addr:street": "Route de Fontaine",
        "landuse": "recreation_ground",
        "name": "Passerelle des Cimes",
        "phone": "+33 4 90 38 56 87",
        "sport": "climbing_adventure",
        "website": "https://accrobranche-vaucluse.com/",
        "@geometry": "center"
      },
      "geometry": {
        "type": "Point",
        "coordinates": [
          5.1077236,
          43.9090801
        ]
      },
      "id": "way/294824731"
    },
    {
      "type": "Feature",
      "properties": {
        "@id": "way/296106590",
        "landuse": "recreation_ground",
        "leisure": "pitch",
        "lit": "no",
        "name": "Accrobranche ACRO'LUS",
        "source": "data.gouv.fr:Le ministère des droits des femmes, de la ville, de la jeunesse et des sports - 2014",
        "sport": "climbing_adventure",
        "@geometry": "center"
      },
      "geometry": {
        "type": "Point",
        "coordinates": [
          1.3339611,
          42.7897636
        ]
      },
      "id": "way/296106590"
    },
    {
      "type": "Feature",
      "properties": {
        "@id": "way/296843987",
        "leisure": "sports_centre",
        "name": "Le Val des Cimes",
        "sport": "climbing_adventure",
        "@geometry": "center"
      },
      "geometry": {
        "type": "Point",
        "coordinates": [
          0.2240895,
          49.337118
        ]
      },
      "id": "way/296843987"
    },
    {
      "type": "Feature",
      "properties": {
        "@id": "way/297237704",
        "barrier": "fence",
        "leisure": "sports_centre",
        "name": "Ponant Aventure",
        "source": "data.gouv.fr:Le ministère des droits des femmes, de la ville, de la jeunesse et des sports - 2014",
        "sport": "climbing_adventure",
        "website": "https://www.ponant-aventure.com",
        "@geometry": "center"
      },
      "geometry": {
        "type": "Point",
        "coordinates": [
          4.100422,
          43.5574735
        ]
      },
      "id": "way/297237704"
    },
    {
      "type": "Feature",
      "properties": {
        "@id": "way/300339019",
        "landuse": "recreation_ground",
        "leisure": "sports_centre",
        "name": "Les Accros d'Anjeau Parcours d'Aventures",
        "phone": "+33426853626",
        "sport": "climbing_adventure",
        "website": "https://www.lesaccrosdanjeau.fr/",
        "@geometry": "center"
      },
      "geometry": {
        "type": "Point",
        "coordinates": [
          3.5988363,
          43.9265411
        ]
      },
      "id": "way/300339019"
    },
    {
      "type": "Feature",
      "properties": {
        "@id": "way/300514588",
        "building": "yes",
        "name": "Saint-Nectaire Aventures",
        "source": "cadastre-dgi-fr source : Direction Générale des Finances Publiques - Cadastre. Mise à jour : 2014",
        "sport": "climbing_adventure",
        "website": "http://saint-nectaire-aventures.eu/",
        "@geometry": "center"
      },
      "geometry": {
        "type": "Point",
        "coordinates": [
          2.9939795,
          45.579629
        ]
      },
      "id": "way/300514588"
    },
    {
      "type": "Feature",
      "properties": {
        "@id": "way/318506547",
        "landuse": "recreation_ground",
        "name": "Accrobranche D’un Arbre à L’autre",
        "phone": "+33 6 83 36 05 99",
        "sport": "climbing_adventure",
        "website": "https://www.dunarbrealautre.com/",
        "@geometry": "center"
      },
      "geometry": {
        "type": "Point",
        "coordinates": [
          5.9795133,
          45.653276
        ]
      },
      "id": "way/318506547"
    },
    {
      "type": "Feature",
      "properties": {
        "@id": "way/328360593",
        "leisure": "pitch",
        "name": "D’Arbre en Arbre",
        "phone": "+33 5 55 67 94 23",
        "source": "data.gouv.fr:Le ministère des droits des femmes, de la ville, de la jeunesse et des sports - 2014",
        "sport": "climbing_adventure",
        "@geometry": "center"
      },
      "geometry": {
        "type": "Point",
        "coordinates": [
          1.9070506,
          45.7888798
        ]
      },
      "id": "way/328360593"
    },
    {
      "type": "Feature",
      "properties": {
        "@id": "way/328724560",
        "landuse": "recreation_ground",
        "leisure": "sports_centre",
        "name": "Parc Accrobranche",
        "sport": "climbing_adventure",
        "@geometry": "center"
      },
      "geometry": {
        "type": "Point",
        "coordinates": [
          4.2543721,
          45.2927016
        ]
      },
      "id": "way/328724560"
    },
    {
      "type": "Feature",
      "properties": {
        "@id": "way/332131363",
        "leisure": "sports_centre",
        "name": "Oc'Aventures",
        "sport": "climbing_adventure",
        "website": "https://oc-aventures.com/",
        "@geometry": "center"
      },
      "geometry": {
        "type": "Point",
        "coordinates": [
          3.8408874,
          43.7570672
        ]
      },
      "id": "way/332131363"
    },
    {
      "type": "Feature",
      "properties": {
        "@id": "way/339608398",
        "leisure": "pitch",
        "name": "Mini-Parc Aventures",
        "sport": "climbing_adventure",
        "wheelchair": "yes",
        "@geometry": "center"
      },
      "geometry": {
        "type": "Point",
        "coordinates": [
          -3.4417023,
          48.7224273
        ]
      },
      "id": "way/339608398"
    },
    {
      "type": "Feature",
      "properties": {
        "@id": "way/343228128",
        "artist_name": "Daniel Chotard",
        "bridge": "yes",
        "capacity": "12",
        "capacity:children": "24",
        "description": "pont fait de cordes",
        "highway": "footway",
        "layer": "1",
        "name": "Le Filet sur l'Eau",
        "sport": "climbing_adventure",
        "start_date": "1993",
        "tourism": "artwork",
        "@geometry": "center"
      },
      "geometry": {
        "type": "Point",
        "coordinates": [
          3.6826064,
          44.5257829
        ]
      },
      "id": "way/343228128"
    },
    {
      "type": "Feature",
      "properties": {
        "@id": "way/343228129",
        "artist_name": "Daniel Chotard",
        "bridge": "yes",
        "capacity": "12",
        "capacity:children": "24",
        "description": "pont fait de cordes",
        "highway": "footway",
        "layer": "1",
        "name": "Le Filet sur l'Eau",
        "sport": "climbing_adventure",
        "start_date": "1993",
        "tourism": "artwork",
        "@geometry": "center"
      },
      "geometry": {
        "type": "Point",
        "coordinates": [
          3.6826714,
          44.5257606
        ]
      },
      "id": "way/343228129"
    },
    {
      "type": "Feature",
      "properties": {
        "@id": "way/347716556",
        "leisure": "pitch",
        "sport": "climbing_adventure",
        "@geometry": "center"
      },
      "geometry": {
        "type": "Point",
        "coordinates": [
          4.1371724,
          50.1209778
        ]
      },
      "id": "way/347716556"
    },
    {
      "type": "Feature",
      "properties": {
        "@id": "way/352703842",
        "addr:city": "Puylaurens",
        "addr:housenumber": "1523",
        "addr:postcode": "81700",
        "addr:street": "Route du Cruzel",
        "building": "yes",
        "fee": "yes",
        "leisure": "sports_centre",
        "name": "Nat'Venture",
        "payment:cards": "yes",
        "payment:cash": "yes",
        "payment:coins": "yes",
        "payment:contactless": "yes",
        "payment:credit_cards": "yes",
        "payment:debit_cards": "yes",
        "payment:mastercard": "yes",
        "payment:mastercard_contactless": "yes",
        "payment:notes": "yes",
        "payment:visa": "yes",
        "phone:FR": "0783235954",
        "source": "cadastre-dgi-fr source : Direction Générale des Finances Publiques - Cadastre. Mise à jour : 2015",
        "sport": "climbing_adventure",
        "@geometry": "center"
      },
      "geometry": {
        "type": "Point",
        "coordinates": [
          2.0457189,
          43.5882585
        ]
      },
      "id": "way/352703842"
    },
    {
      "type": "Feature",
      "properties": {
        "@id": "way/359957501",
        "leisure": "pitch",
        "lit": "no",
        "name": "Parcours de cordes",
        "source": "data.gouv.fr:Le ministère des droits des femmes, de la ville, de la jeunesse et des sports - 11/2015",
        "sport": "climbing_adventure",
        "@geometry": "center"
      },
      "geometry": {
        "type": "Point",
        "coordinates": [
          4.3513914,
          45.0394609
        ]
      },
      "id": "way/359957501"
    },
    {
      "type": "Feature",
      "properties": {
        "@id": "way/362229972",
        "landuse": "recreation_ground",
        "name": "La Forêt des Vert-Tiges",
        "sport": "climbing_adventure",
        "@geometry": "center"
      },
      "geometry": {
        "type": "Point",
        "coordinates": [
          -0.3720632,
          43.3534214
        ]
      },
      "id": "way/362229972"
    },
    {
      "type": "Feature",
      "properties": {
        "@id": "way/366147661",
        "leisure": "sports_centre",
        "name": "Le Vert en l'Air",
        "sport": "climbing_adventure",
        "website": "https://www.levertenlair.com/",
        "@geometry": "center"
      },
      "geometry": {
        "type": "Point",
        "coordinates": [
          0.5641558,
          43.590568
        ]
      },
      "id": "way/366147661"
    },
    {
      "type": "Feature",
      "properties": {
        "@id": "way/368321803",
        "leisure": "pitch",
        "sport": "climbing_adventure",
        "@geometry": "center"
      },
      "geometry": {
        "type": "Point",
        "coordinates": [
          6.6666673,
          45.4085442
        ]
      },
      "id": "way/368321803"
    },
    {
      "type": "Feature",
      "properties": {
        "@id": "way/368724661",
        "leisure": "sports_centre",
        "name": "Cariwood",
        "sport": "climbing_adventure",
        "website": "https://www.cariwood.fr/",
        "@geometry": "center"
      },
      "geometry": {
        "type": "Point",
        "coordinates": [
          2.0648895,
          49.4527961
        ]
      },
      "id": "way/368724661"
    },
    {
      "type": "Feature",
      "properties": {
        "@id": "way/380145386",
        "landuse": "recreation_ground",
        "name": "Périgord Vert Aventures",
        "sport": "climbing_adventure",
        "website": "http://www.pvaventures.fr/",
        "@geometry": "center"
      },
      "geometry": {
        "type": "Point",
        "coordinates": [
          0.6817883,
          45.5397757
        ]
      },
      "id": "way/380145386"
    },
    {
      "type": "Feature",
      "properties": {
        "@id": "way/380297363",
        "landuse": "recreation_ground",
        "name": "Escapades Verticales",
        "phone": "+33616998141",
        "sport": "climbing_adventure",
        "website": "http://escapades-verticales.com/",
        "@geometry": "center"
      },
      "geometry": {
        "type": "Point",
        "coordinates": [
          -2.1213374,
          47.7039597
        ]
      },
      "id": "way/380297363"
    },
    {
      "type": "Feature",
      "properties": {
        "@id": "way/396067858",
        "access": "customers",
        "addr:city": "Le Sappey-en-Chartreuse",
        "addr:postcode": "38700",
        "addr:street": "Le Plat",
        "contact:facebook": "https://fr-fr.facebook.com/Indian-Forest-Chartreuse-106782879344866/",
        "contact:youtube": "https://www.youtube.com/channel/UCSHanJuiSzQQpmJAMqTUd7Q",
        "leisure": "pitch",
        "name": "Indian Forest Chartreuse",
        "phone": "+33 4 38 86 41 73",
        "sport": "climbing_adventure",
        "website": "https://www.if38.com/",
        "wikidata": "Q120303831",
        "@geometry": "center"
      },
      "geometry": {
        "type": "Point",
        "coordinates": [
          5.7799452,
          45.2552795
        ]
      },
      "id": "way/396067858"
    },
    {
      "type": "Feature",
      "properties": {
        "@id": "way/399912393",
        "addr:city": "Gujan-Mestras",
        "addr:postcode": "33470",
        "addr:street": "Avenue des Loisirs",
        "leisure": "sports_centre",
        "name": "Bassin Aventures",
        "phone": "+33 6 82 60 95 30",
        "sport": "climbing_adventure",
        "website": "https://www.bassinaventures.com/",
        "@geometry": "center"
      },
      "geometry": {
        "type": "Point",
        "coordinates": [
          -1.1020071,
          44.6219446
        ]
      },
      "id": "way/399912393"
    },
    {
      "type": "Feature",
      "properties": {
        "@id": "way/406487686",
        "addr:city": "Biscarrosse",
        "addr:postcode": "40602",
        "addr:street": "Avenue de la Plage",
        "leisure": "sports_centre",
        "name": "Bisc'aventure",
        "phone": "+33 5 58 82 53 40",
        "sport": "climbing_adventure",
        "website": "https://biscaventure.fr/",
        "@geometry": "center"
      },
      "geometry": {
        "type": "Point",
        "coordinates": [
          -1.2421972,
          44.4404598
        ]
      },
      "id": "way/406487686"
    },
    {
      "type": "Feature",
      "properties": {
        "@id": "way/415863702",
        "leisure": "sports_centre",
        "sport": "climbing_adventure",
        "@geometry": "center"
      },
      "geometry": {
        "type": "Point",
        "coordinates": [
          0.683461,
          47.4416918
        ]
      },
      "id": "way/415863702"
    },
    {
      "type": "Feature",
      "properties": {
        "@id": "way/427579971",
        "landuse": "recreation_ground",
        "name": "Charade Aventure",
        "sport": "climbing_adventure",
        "website": "https://www.charadeaventure.fr/",
        "@geometry": "center"
      },
      "geometry": {
        "type": "Point",
        "coordinates": [
          3.0288724,
          45.7533555
        ]
      },
      "id": "way/427579971"
    },
    {
      "type": "Feature",
      "properties": {
        "@id": "way/427585088",
        "landuse": "recreation_ground",
        "name": "Fenestre équilibre",
        "sport": "climbing_adventure",
        "@geometry": "center"
      },
      "geometry": {
        "type": "Point",
        "coordinates": [
          2.7442986,
          45.5826108
        ]
      },
      "id": "way/427585088"
    },
    {
      "type": "Feature",
      "properties": {
        "@id": "way/436119970",
        "leisure": "sports_centre",
        "name": "Acrocime",
        "operator": "Acrocime",
        "sport": "climbing_adventure",
        "tourism": "attraction",
        "website": "https://www.acrocime.com/",
        "@geometry": "center"
      },
      "geometry": {
        "type": "Point",
        "coordinates": [
          -1.462897,
          47.295809
        ]
      },
      "id": "way/436119970"
    },
    {
      "type": "Feature",
      "properties": {
        "@id": "way/456572476",
        "addr:city": "Aix-en-Provence",
        "addr:postcode": "13100",
        "addr:street": "Chemin du Viaduc",
        "climbing": "sport",
        "climbing:grade:french": "4c",
        "description": "Parc d'accrobranche",
        "fee": "yes",
        "leisure": "sports_centre",
        "name": "Indian Forest Aix en Provence",
        "outdoor": "area",
        "phone": "+33 6 29 28 23 77",
        "sport": "climbing_adventure",
        "website": "https://www.indianforest-aix.fr/",
        "wikidata": "Q120300437",
        "@geometry": "center"
      },
      "geometry": {
        "type": "Point",
        "coordinates": [
          5.4442157,
          43.5103638
        ]
      },
      "id": "way/456572476"
    },
    {
      "type": "Feature",
      "properties": {
        "@id": "way/456586206",
        "addr:city": "Le Castellet",
        "addr:postcode": "83330",
        "addr:street": "RD402",
        "description": "Parc accrobranche",
        "fee": "yes",
        "leisure": "sports_centre",
        "name": "Le Royaume des Arbres - Le Castellet",
        "outdoor": "area",
        "phone": "+33 4 94 74 34 67",
        "sport": "climbing_adventure",
        "website": "https://www.royaume-des-arbres.com/",
        "wikidata": "Q120304072",
        "@geometry": "center"
      },
      "geometry": {
        "type": "Point",
        "coordinates": [
          5.8045134,
          43.2440948
        ]
      },
      "id": "way/456586206"
    },
    {
      "type": "Feature",
      "properties": {
        "@id": "way/456590341",
        "addr:city": "Bollène",
        "addr:postcode": "84500",
        "addr:street": "Route de l'Embisque",
        "climbing": "route",
        "climbing:routes": "11",
        "fee": "yes",
        "leisure": "sports_centre",
        "name": "Bollène Aventure",
        "outdoor": "yes",
        "sport": "climbing_adventure",
        "toilets": "yes",
        "toilets:access": "customers",
        "tourism": "attraction",
        "url": "http://www.bolleneaventure.com/",
        "wikidata": "Q120293758",
        "@geometry": "center"
      },
      "geometry": {
        "type": "Point",
        "coordinates": [
          4.7879471,
          44.2944856
        ]
      },
      "id": "way/456590341"
    },
    {
      "type": "Feature",
      "properties": {
        "@id": "way/475310259",
        "leisure": "pitch",
        "lit": "no",
        "name": "La Vallée des Korrigans - Tepacap!",
        "name:br": "Traoñienn ar C'horriganed",
        "sport": "climbing_adventure",
        "tourism": "theme_park",
        "website": "https://lavalleedeskorrigans.fr/",
        "@geometry": "center"
      },
      "geometry": {
        "type": "Point",
        "coordinates": [
          -1.9225933,
          47.3552361
        ]
      },
      "id": "way/475310259"
    },
    {
      "type": "Feature",
      "properties": {
        "@id": "way/498659343",
        "contact:website": "http://www.rocamadour-aventure.com",
        "landuse": "recreation_ground",
        "name": "Rocamadour Aventure",
        "source": "survey 2017",
        "sport": "climbing_adventure",
        "@geometry": "center"
      },
      "geometry": {
        "type": "Point",
        "coordinates": [
          1.6734853,
          44.8018821
        ]
      },
      "id": "way/498659343"
    },
    {
      "type": "Feature",
      "properties": {
        "@id": "way/501640900",
        "landuse": "recreation_ground",
        "leisure": "sports_centre",
        "name": "Accrobranche Lioran Aventure",
        "sport": "climbing_adventure",
        "website": "https://www.lioran-aventure.com/",
        "@geometry": "center"
      },
      "geometry": {
        "type": "Point",
        "coordinates": [
          2.7541103,
          45.0792841
        ]
      },
      "id": "way/501640900"
    },
    {
      "type": "Feature",
      "properties": {
        "@id": "way/509840419",
        "building": "shed",
        "name": "Parcours Aventure",
        "sport": "climbing_adventure",
        "@geometry": "center"
      },
      "geometry": {
        "type": "Point",
        "coordinates": [
          0.2466928,
          42.786919
        ]
      },
      "id": "way/509840419"
    },
    {
      "type": "Feature",
      "properties": {
        "@id": "way/514900823",
        "leisure": "playground",
        "sport": "climbing_adventure",
        "@geometry": "center"
      },
      "geometry": {
        "type": "Point",
        "coordinates": [
          4.9414251,
          45.7997494
        ]
      },
      "id": "way/514900823"
    },
    {
      "type": "Feature",
      "properties": {
        "@id": "way/516128258",
        "leisure": "sports_centre",
        "name": "Adventure course Bugey",
        "sport": "climbing_adventure",
        "website": "https://www.aventuredubugey.fr",
        "@geometry": "center"
      },
      "geometry": {
        "type": "Point",
        "coordinates": [
          5.6182006,
          45.9885692
        ]
      },
      "id": "way/516128258"
    },
    {
      "type": "Feature",
      "properties": {
        "@id": "way/520504689",
        "genus": "Pinus",
        "landuse": "recreation_ground",
        "name": "Accrorillac",
        "opening_hours": "24/7",
        "sport": "climbing_adventure",
        "website": "https://www.accrorillac.fr/",
        "@geometry": "center"
      },
      "geometry": {
        "type": "Point",
        "coordinates": [
          2.4284351,
          44.9277638
        ]
      },
      "id": "way/520504689"
    },
    {
      "type": "Feature",
      "properties": {
        "@id": "way/524351003",
        "landuse": "recreation_ground",
        "sport": "climbing_adventure",
        "@geometry": "center"
      },
      "geometry": {
        "type": "Point",
        "coordinates": [
          5.8759562,
          45.1234439
        ]
      },
      "id": "way/524351003"
    },
    {
      "type": "Feature",
      "properties": {
        "@id": "way/527653707",
        "landuse": "recreation_ground",
        "name": "Cassis Forest",
        "sport": "climbing_adventure",
        "website": "https://cassisforest.fr/",
        "@geometry": "center"
      },
      "geometry": {
        "type": "Point",
        "coordinates": [
          5.5372614,
          43.22994
        ]
      },
      "id": "way/527653707"
    },
    {
      "type": "Feature",
      "properties": {
        "@id": "way/532490822",
        "contact:phone": "+33 4 92352979",
        "contact:website": "http://arbre-aventure.com/",
        "fee": "yes",
        "landuse": "recreation_ground",
        "leisure": "sports_centre",
        "name": "Arbre et Aventure en Pays Dignois",
        "sport": "climbing_adventure",
        "@geometry": "center"
      },
      "geometry": {
        "type": "Point",
        "coordinates": [
          6.1394642,
          44.04178
        ]
      },
      "id": "way/532490822"
    },
    {
      "type": "Feature",
      "properties": {
        "@id": "way/534220602",
        "landuse": "recreation_ground",
        "sport": "climbing_adventure",
        "@geometry": "center"
      },
      "geometry": {
        "type": "Point",
        "coordinates": [
          5.4475637,
          44.6816589
        ]
      },
      "id": "way/534220602"
    },
    {
      "type": "Feature",
      "properties": {
        "@id": "node/546445211",
        "addr:city": "Champagne-sur-Seine",
        "addr:housenumber": "31",
        "addr:postcode": "77430",
        "addr:street": "Rue Pierre de Coubertin",
        "building": "no",
        "climbing": "tree",
        "email": "contact@parcours-lemuriens.com",
        "fee": "yes",
        "leisure": "sports_centre",
        "name": "Parcours Lémurien",
        "phone": "+33 768257132",
        "sport": "climbing_adventure",
        "website": "https://www.parcours-lemurien.com/"
      },
      "geometry": {
        "type": "Point",
        "coordinates": [
          2.8101664,
          48.3992753
        ]
      },
      "id": "node/546445211"
    },
    {
      "type": "Feature",
      "properties": {
        "@id": "way/596064596",
        "landuse": "recreation_ground",
        "name": "Parc Anjou Aventure",
        "sport": "climbing_adventure",
        "website": "https://parcanjouaventurec.wixsite.com/parc-anjou-aventure",
        "@geometry": "center"
      },
      "geometry": {
        "type": "Point",
        "coordinates": [
          -0.5071419,
          47.5365385
        ]
      },
      "id": "way/596064596"
    },
    {
      "type": "Feature",
      "properties": {
        "@id": "way/608041117",
        "access": "customers",
        "bridge": "yes",
        "highway": "footway",
        "layer": "1",
        "sport": "climbing_adventure",
        "@geometry": "center"
      },
      "geometry": {
        "type": "Point",
        "coordinates": [
          5.5583967,
          44.8918297
        ]
      },
      "id": "way/608041117"
    },
    {
      "type": "Feature",
      "properties": {
        "@id": "way/612264095",
        "contact:website": "https://www.vercors-aventure.com/accrobranche",
        "landuse": "recreation_ground",
        "mobile": "+33 6 19 58 31 78",
        "name": "Vercors Aventure",
        "phone": "+33 4 76 95 99 45",
        "sport": "climbing_adventure",
        "tourism": "attraction",
        "@geometry": "center"
      },
      "geometry": {
        "type": "Point",
        "coordinates": [
          5.5354082,
          45.1892663
        ]
      },
      "id": "way/612264095"
    },
    {
      "type": "Feature",
      "properties": {
        "@id": "way/617423716",
        "landuse": "recreation_ground",
        "name": "Eco-Parc",
        "sport": "climbing_adventure",
        "@geometry": "center"
      },
      "geometry": {
        "type": "Point",
        "coordinates": [
          2.1969652,
          48.7642621
        ]
      },
      "id": "way/617423716"
    },
    {
      "type": "Feature",
      "properties": {
        "@id": "way/617445004",
        "leisure": "sports_centre",
        "name": "Air Park",
        "sport": "climbing_adventure",
        "website": "https://www.air-park.fr/",
        "@geometry": "center"
      },
      "geometry": {
        "type": "Point",
        "coordinates": [
          5.7767989,
          45.0212479
        ]
      },
      "id": "way/617445004"
    },
    {
      "type": "Feature",
      "properties": {
        "@id": "way/619277304",
        "building": "shed",
        "fee": "yes",
        "leisure": "sports_centre",
        "opening_hours": "Jul-Aug: Mo-Fr 10:00-12:00,14:30-18:30; Sa,Su,PH 14:30-18:30",
        "source": "BDOrtho IGN",
        "sport": "climbing_adventure",
        "supervised": "yes",
        "@geometry": "center"
      },
      "geometry": {
        "type": "Point",
        "coordinates": [
          -0.4275195,
          45.4358853
        ]
      },
      "id": "way/619277304"
    },
    {
      "type": "Feature",
      "properties": {
        "@id": "way/620129963",
        "alt_name": "Fort Aventure",
        "barrier": "wall",
        "currency:XLT": "FLOR",
        "historic": "fort",
        "leisure": "sports_centre",
        "name": "Fort Pélissier",
        "opening_hours": "Mo-Fr 09:00-17:00",
        "payment:cash:XLT-FLOR": "yes",
        "phone": "+33 3 83 25 07 07",
        "sport": "climbing_adventure",
        "tourism": "attraction",
        "website": "https://fort-pelissier.com/",
        "wikidata": "Q3077762",
        "wikipedia": "fr:Fort Pélissier",
        "@geometry": "center"
      },
      "geometry": {
        "type": "Point",
        "coordinates": [
          6.090624,
          48.5974076
        ]
      },
      "id": "way/620129963"
    },
    {
      "type": "Feature",
      "properties": {
        "@id": "way/620262583",
        "landuse": "recreation_ground",
        "name": "TerrAltitude",
        "sport": "climbing_adventure",
        "website": "https://www.terraltitude.com/",
        "@geometry": "center"
      },
      "geometry": {
        "type": "Point",
        "coordinates": [
          4.6993337,
          49.9872545
        ]
      },
      "id": "way/620262583"
    },
    {
      "type": "Feature",
      "properties": {
        "@id": "way/622845474",
        "fee": "yes",
        "landuse": "recreation_ground",
        "name": "Loisirs et Aventures",
        "sport": "climbing_adventure",
        "@geometry": "center"
      },
      "geometry": {
        "type": "Point",
        "coordinates": [
          -0.5997661,
          44.7921528
        ]
      },
      "id": "way/622845474"
    },
    {
      "type": "Feature",
      "properties": {
        "@id": "way/623578565",
        "leisure": "sports_centre",
        "name": "En chêne et frêne",
        "phone": "+33680709898",
        "sport": "climbing_adventure",
        "website": "https://www.encheneetfrene.fr/",
        "@geometry": "center"
      },
      "geometry": {
        "type": "Point",
        "coordinates": [
          -0.0099435,
          42.8656503
        ]
      },
      "id": "way/623578565"
    },
    {
      "type": "Feature",
      "properties": {
        "@id": "way/623916809",
        "access": "customers",
        "blind": "limited",
        "dog": "leashed",
        "fee": "yes",
        "indoor": "no",
        "leisure": "playground",
        "min_age": "3",
        "name": "Piriac Aventure",
        "parking": "surface",
        "payment:cash": "yes",
        "payment:debit_cards": "yes",
        "playground:theme": "climbing",
        "sport": "climbing_adventure",
        "surface": "wood",
        "website": "https://piriac-aventure.com/",
        "wheelchair": "limited",
        "@geometry": "center"
      },
      "geometry": {
        "type": "Point",
        "coordinates": [
          -2.5131312,
          47.3820168
        ]
      },
      "id": "way/623916809"
    },
    {
      "type": "Feature",
      "properties": {
        "@id": "way/649562369",
        "access": "customers",
        "contact:street": "Avenue Amiral Mountbatten",
        "fee": "no",
        "leisure": "pitch",
        "lit": "no",
        "name": "AccroCamp",
        "note": "Dernier départ à 17h30",
        "opening_hours": "Apr-Oct We,Sa,Su,PH 10:00-19:00; Apr-Oct SH 10:00-19:00; Nov-Mar off",
        "operator": "AccroCamp",
        "operator:type": "business",
        "sport": "climbing_adventure",
        "start_date": "2025-04-05",
        "surface": "grass",
        "website": "https://accrocamp.com/parcs/caen-14/",
        "@geometry": "center"
      },
      "geometry": {
        "type": "Point",
        "coordinates": [
          -0.3907546,
          49.1972763
        ]
      },
      "id": "way/649562369"
    },
    {
      "type": "Feature",
      "properties": {
        "@id": "way/667572934",
        "leisure": "sports_centre",
        "name": "Accrobranche",
        "sport": "climbing_adventure",
        "@geometry": "center"
      },
      "geometry": {
        "type": "Point",
        "coordinates": [
          1.9356889,
          47.6189326
        ]
      },
      "id": "way/667572934"
    },
    {
      "type": "Feature",
      "properties": {
        "@id": "way/667672971",
        "name": "Parc accrobranche",
        "natural": "wood",
        "source:sport": "data.gouv.fr:Le ministère des droits des femmes, de la ville, de la jeunesse et des sports - 11/2015",
        "sport": "climbing_adventure",
        "@geometry": "center"
      },
      "geometry": {
        "type": "Point",
        "coordinates": [
          5.399274,
          43.4329566
        ]
      },
      "id": "way/667672971"
    },
    {
      "type": "Feature",
      "properties": {
        "@id": "way/684983966",
        "addr:city": "La Versanne",
        "addr:postcode": "42220",
        "addr:street": "Les Trois Croix",
        "leisure": "sports_centre",
        "name": "Acrobois Pilat",
        "sport": "climbing_adventure",
        "website": "https://pilat.les-acrobois.fr/",
        "@geometry": "center"
      },
      "geometry": {
        "type": "Point",
        "coordinates": [
          4.4850425,
          45.3220358
        ]
      },
      "id": "way/684983966"
    },
    {
      "type": "Feature",
      "properties": {
        "@id": "way/685065468",
        "addr:city": "Mormoiron",
        "addr:housenumber": "920",
        "addr:postcode": "84570",
        "addr:street": "Les Salettes Plan d'Eau",
        "contact:email": "ventouxaventure@gmail.com",
        "contact:phone": "+33 6 14 02 46 77",
        "contact:website": "http://ventouxaventure.com",
        "leisure": "pitch",
        "lit": "no",
        "name": "Ventoux Aventure",
        "opening_hours": "Apr-Sep 09:00-13:00,14:30-18:00",
        "sport": "climbing_adventure",
        "surface": "wood",
        "tourism": "attraction",
        "website": "https://www.ventouxaventure.com/",
        "wikidata": "Q120298570",
        "@geometry": "center"
      },
      "geometry": {
        "type": "Point",
        "coordinates": [
          5.1983741,
          44.0679476
        ]
      },
      "id": "way/685065468"
    },
    {
      "type": "Feature",
      "properties": {
        "@id": "node/703631190",
        "leisure": "fitness_station",
        "name": "Accrobranches",
        "sport": "climbing_adventure",
        "tourism": "attraction"
      },
      "geometry": {
        "type": "Point",
        "coordinates": [
          2.4483162,
          48.4091274
        ]
      },
      "id": "node/703631190"
    },
    {
      "type": "Feature",
      "properties": {
        "@id": "way/708951257",
        "addr:city": "Landaul",
        "addr:postcode": "56690",
        "addr:street": "Branzeho",
        "charge": "0€/child < 3years;8€/child 3 - 5 years;11€/child > 5 years;11€/person < 60 years;0€/person > 60 years",
        "fee": "yes",
        "name": "Land aux Lutins",
        "phone": "+33 6 77 56 74 66",
        "sport": "climbing_adventure",
        "tourism": "theme_park",
        "website": "https://www.land-aux-lutins.fr/",
        "wheelchair": "yes",
        "@geometry": "center"
      },
      "geometry": {
        "type": "Point",
        "coordinates": [
          -3.0896427,
          47.7426069
        ]
      },
      "id": "way/708951257"
    },
    {
      "type": "Feature",
      "properties": {
        "@id": "way/709802734",
        "leisure": "recreation_ground",
        "name": "Forêt Sensations",
        "sport": "climbing_adventure",
        "website": "https://foretsensations.fr/",
        "@geometry": "center"
      },
      "geometry": {
        "type": "Point",
        "coordinates": [
          6.4906154,
          44.810324
        ]
      },
      "id": "way/709802734"
    },
    {
      "type": "Feature",
      "properties": {
        "@id": "way/710311429",
        "check_date:opening_hours": "2025-07-24",
        "leisure": "park",
        "name": "Jungle Aventure",
        "opening_hours": "10:00-19:00",
        "sport": "climbing_adventure",
        "website": "https://www.jungle-aventure.com/",
        "@geometry": "center"
      },
      "geometry": {
        "type": "Point",
        "coordinates": [
          6.0734247,
          44.6409698
        ]
      },
      "id": "way/710311429"
    },
    {
      "type": "Feature",
      "properties": {
        "@id": "way/711938608",
        "leisure": "park",
        "name": "Accrobranche",
        "opening_hours": "10:00-18:00",
        "sport": "climbing_adventure",
        "@geometry": "center"
      },
      "geometry": {
        "type": "Point",
        "coordinates": [
          6.316773,
          44.6805116
        ]
      },
      "id": "way/711938608"
    },
    {
      "type": "Feature",
      "properties": {
        "@id": "way/713140362",
        "contact:facebook": "https://www.facebook.com/ecoparkpenze/",
        "fee": "yes",
        "leisure": "sports_centre",
        "name": "Ecopark Adventures - Penzé",
        "sport": "climbing_adventure",
        "website": "https://ecopark-adventures.com/parks/parc-accrobranche-penze/",
        "@geometry": "center"
      },
      "geometry": {
        "type": "Point",
        "coordinates": [
          -3.9322216,
          48.594177
        ]
      },
      "id": "way/713140362"
    },
    {
      "type": "Feature",
      "properties": {
        "@id": "way/713731861",
        "description": "centre d'activité acrobranche",
        "fee": "yes",
        "landuse": "recreation_ground",
        "name": "Floreval",
        "note": "surface approximative",
        "phone": "0820 224 424",
        "sport": "climbing_adventure",
        "website": "https://www.aventure-floreval.fr/",
        "@geometry": "center"
      },
      "geometry": {
        "type": "Point",
        "coordinates": [
          2.1880442,
          48.606737
        ]
      },
      "id": "way/713731861"
    },
    {
      "type": "Feature",
      "properties": {
        "@id": "way/718124100",
        "access": "customers",
        "covered": "no",
        "leisure": "pitch",
        "name": "Accrobranche - Antipodes",
        "phone": "+33 5 65 60 72 03",
        "sport": "climbing_adventure",
        "website": "https://www.antipodes-millau.com",
        "@geometry": "center"
      },
      "geometry": {
        "type": "Point",
        "coordinates": [
          3.0866676,
          44.106472
        ]
      },
      "id": "way/718124100"
    },
    {
      "type": "Feature",
      "properties": {
        "@id": "way/724247523",
        "description:fr": "Parc Acrobatique Forestier",
        "leisure": "sports_centre",
        "name": "Chloro'Fil",
        "sport": "climbing_adventure",
        "@geometry": "center"
      },
      "geometry": {
        "type": "Point",
        "coordinates": [
          -0.0793987,
          43.0068763
        ]
      },
      "id": "way/724247523"
    },
    {
      "type": "Feature",
      "properties": {
        "@id": "way/737076157",
        "building": "yes",
        "fee": "yes",
        "leisure": "sports_centre",
        "name": "Accrobranche - Accueil",
        "sport": "climbing_adventure",
        "@geometry": "center"
      },
      "geometry": {
        "type": "Point",
        "coordinates": [
          2.0494585,
          49.0305695
        ]
      },
      "id": "way/737076157"
    },
    {
      "type": "Feature",
      "properties": {
        "@id": "way/737680628",
        "addr:city": "Caille",
        "addr:postcode": "06750",
        "addr:street": "Chemin du Parc de la Moulière",
        "building": "retail",
        "contact:email": "contact.arbreetaventuremouliere@gmail.com",
        "contact:facebook": "https://www.facebook.com/p/Arbre-et-Aventure-La-Mouli%C3%A8re-100057314715599",
        "contact:phone": "+33 6 50 59 04 06",
        "leisure": "sports_centre",
        "name": "Arbre et Aventure La Moulière",
        "sport": "climbing_adventure",
        "website": "https://arbre-aventure-lamouliere.fr/parc-acrobatique-la-mouliere/",
        "@geometry": "center"
      },
      "geometry": {
        "type": "Point",
        "coordinates": [
          6.760259,
          43.7544782
        ]
      },
      "id": "way/737680628"
    },
    {
      "type": "Feature",
      "properties": {
        "@id": "way/742705303",
        "leisure": "sports_centre",
        "name": "Parcours d'Aventures",
        "sport": "climbing_adventure",
        "website": "https://www.espace-aventure.com/parcours-aventure-vallee-bleue",
        "@geometry": "center"
      },
      "geometry": {
        "type": "Point",
        "coordinates": [
          5.4213704,
          45.8265157
        ]
      },
      "id": "way/742705303"
    },
    {
      "type": "Feature",
      "properties": {
        "@id": "way/761290502",
        "email": "aucreuxdescimes@gmail.com",
        "name": "Escal'Arbres",
        "phone": "+33698085441",
        "sport": "climbing_adventure",
        "tourism": "picnic_site",
        "website": "https://www.aucreuxdescimes.jimdo.com",
        "@geometry": "center"
      },
      "geometry": {
        "type": "Point",
        "coordinates": [
          -1.6165515,
          43.4231287
        ]
      },
      "id": "way/761290502"
    },
    {
      "type": "Feature",
      "properties": {
        "@id": "way/768788364",
        "leisure": "pitch",
        "sport": "climbing_adventure",
        "@geometry": "center"
      },
      "geometry": {
        "type": "Point",
        "coordinates": [
          6.6509988,
          45.9217652
        ]
      },
      "id": "way/768788364"
    },
    {
      "type": "Feature",
      "properties": {
        "@id": "node/801681211",
        "description": "Acrobranche",
        "leisure": "sports_centre",
        "name": "Parcours Aventure Trièves",
        "opening_hours": "Jul-Aug 10:00-19:00; May-Jun,Sep Sa,Su,PH 11:00-19:00 \"en semaine sur réservation\"; Apr,Oct-Nov 13:30-18:30 \"sur réservation\"",
        "phone": "+33 4 76 34 16 64",
        "phone:mobile": "+33 6 14 60 44 85",
        "source": "GPS Survey - 2010",
        "sport": "climbing_adventure",
        "website": "https://www.aventuretrieves.com",
        "wikipedia": "fr:Saint-Michel-les-Portes#Sports"
      },
      "geometry": {
        "type": "Point",
        "coordinates": [
          5.5492921,
          44.8561604
        ]
      },
      "id": "node/801681211"
    },
    {
      "type": "Feature",
      "properties": {
        "@id": "way/806407412",
        "addr:city": "Le Monastère",
        "addr:postcode": "12850",
        "addr:street": "Domaine de Combelles",
        "contact:phone": "+33771107847",
        "landuse": "recreation_ground",
        "name": "Parc aventure de Combelles",
        "sport": "climbing_adventure",
        "website": "http://vert-tea-jeu.com",
        "@geometry": "center"
      },
      "geometry": {
        "type": "Point",
        "coordinates": [
          2.589065,
          44.3309404
        ]
      },
      "id": "way/806407412"
    },
    {
      "type": "Feature",
      "properties": {
        "@id": "way/810538296",
        "landuse": "recreation_ground",
        "operator": "France Aventures",
        "sport": "climbing_adventure",
        "@geometry": "center"
      },
      "geometry": {
        "type": "Point",
        "coordinates": [
          4.815547,
          45.7635634
        ]
      },
      "id": "way/810538296"
    },
    {
      "type": "Feature",
      "properties": {
        "@id": "way/813192619",
        "leisure": "sports_centre",
        "name": "Le grand défi (Forest adventure)",
        "sport": "climbing_adventure",
        "@geometry": "center"
      },
      "geometry": {
        "type": "Point",
        "coordinates": [
          -1.7114722,
          46.6466647
        ]
      },
      "id": "way/813192619"
    },
    {
      "type": "Feature",
      "properties": {
        "@id": "way/820127203",
        "landuse": "recreation_ground",
        "leisure": "sports_centre",
        "name": "Roc de Massereau",
        "sport": "climbing_adventure",
        "tourism": "yes",
        "website": "https://rocdemassereau.com/",
        "@geometry": "center"
      },
      "geometry": {
        "type": "Point",
        "coordinates": [
          4.0914886,
          43.7611957
        ]
      },
      "id": "way/820127203"
    },
    {
      "type": "Feature",
      "properties": {
        "@id": "way/833757941",
        "landuse": "recreation_ground",
        "sport": "climbing_adventure",
        "@geometry": "center"
      },
      "geometry": {
        "type": "Point",
        "coordinates": [
          0.4285792,
          44.9443028
        ]
      },
      "id": "way/833757941"
    },
    {
      "type": "Feature",
      "properties": {
        "@id": "way/835894196",
        "leisure": "sports_centre",
        "name": "Tyro' sur Loire",
        "sport": "climbing_adventure",
        "website": "http://aventureshauteloire.com/",
        "@geometry": "center"
      },
      "geometry": {
        "type": "Point",
        "coordinates": [
          3.9950187,
          45.2093048
        ]
      },
      "id": "way/835894196"
    },
    {
      "type": "Feature",
      "properties": {
        "@id": "way/837612518",
        "contact:website": "https://www.activites-loisirs-aveyron.com/fr-fr/nos-activites/eid/168/2-parc-aventure",
        "landuse": "recreation_ground",
        "name": "Parc Aventure",
        "source": "camp site webpage",
        "sport": "climbing_adventure",
        "@geometry": "center"
      },
      "geometry": {
        "type": "Point",
        "coordinates": [
          1.9677168,
          44.2194328
        ]
      },
      "id": "way/837612518"
    },
    {
      "type": "Feature",
      "properties": {
        "@id": "way/839379060",
        "area": "yes",
        "name": "Accrofolie",
        "sport": "climbing_adventure",
        "tourism": "attraction",
        "@geometry": "center"
      },
      "geometry": {
        "type": "Point",
        "coordinates": [
          5.8837865,
          48.1954136
        ]
      },
      "id": "way/839379060"
    },
    {
      "type": "Feature",
      "properties": {
        "@id": "way/839402914",
        "foot": "yes",
        "leisure": "sports_centre",
        "name": "Parc Les Grands Chênes",
        "note": "Site accessible 24h/24. Activités accessibles aux heures d'ouverture",
        "opening_hours": "24/7",
        "opening_hours:customers": "10:00-19:00",
        "sport": "climbing_adventure",
        "website": "https://www.les-bretons-perches.bzh/",
        "@geometry": "center"
      },
      "geometry": {
        "type": "Point",
        "coordinates": [
          -1.5662681,
          48.483693
        ]
      },
      "id": "way/839402914"
    },
    {
      "type": "Feature",
      "properties": {
        "@id": "way/841345387",
        "landuse": "forest",
        "leisure": "sports_centre",
        "sport": "climbing_adventure",
        "@geometry": "center"
      },
      "geometry": {
        "type": "Point",
        "coordinates": [
          6.3490712,
          46.7625639
        ]
      },
      "id": "way/841345387"
    },
    {
      "type": "Feature",
      "properties": {
        "@id": "way/875777593",
        "landuse": "leisure",
        "leisure": "sports_centre",
        "name": "Grimpobranches",
        "sport": "climbing_adventure",
        "@geometry": "center"
      },
      "geometry": {
        "type": "Point",
        "coordinates": [
          4.1349738,
          49.2833898
        ]
      },
      "id": "way/875777593"
    },
    {
      "type": "Feature",
      "properties": {
        "@id": "way/881712713",
        "addr:postcode": "30140",
        "addr:street": "Chemin de Puech Majou",
        "email": "forestparc@yahoo.fr",
        "name": "Forest Parc",
        "opening_hours": "We, Sa-Su 12:00-19:00",
        "phone": "+33466258977",
        "sport": "climbing_adventure",
        "tourism": "theme_park",
        "website": "https://forestparc.com",
        "@geometry": "center"
      },
      "geometry": {
        "type": "Point",
        "coordinates": [
          4.0375716,
          44.066904
        ]
      },
      "id": "way/881712713"
    },
    {
      "type": "Feature",
      "properties": {
        "@id": "way/884363599",
        "leisure": "pitch",
        "sport": "climbing_adventure",
        "@geometry": "center"
      },
      "geometry": {
        "type": "Point",
        "coordinates": [
          5.2079852,
          44.9126916
        ]
      },
      "id": "way/884363599"
    },
    {
      "type": "Feature",
      "properties": {
        "@id": "node/891854842",
        "leisure": "sports_centre",
        "name": "Le poisson volant",
        "sport": "climbing_adventure",
        "website": "http://poissonvolant.net/"
      },
      "geometry": {
        "type": "Point",
        "coordinates": [
          -3.4562171,
          47.7398099
        ]
      },
      "id": "node/891854842"
    },
    {
      "type": "Feature",
      "properties": {
        "@id": "way/894756344",
        "addr:street": "Le Cellier du Buis",
        "email": "contact@aquarock.fr",
        "fee": "yes",
        "leisure": "sports_centre",
        "name": "Aquarock Aventure",
        "phone": "+33 6 81 15 96 98",
        "sport": "climbing_adventure",
        "website": "https://www.aquarock.fr/",
        "@geometry": "center"
      },
      "geometry": {
        "type": "Point",
        "coordinates": [
          4.6141961,
          44.821377
        ]
      },
      "id": "way/894756344"
    },
    {
      "type": "Feature",
      "properties": {
        "@id": "way/894756362",
        "check_date": "2025-07-28",
        "contact:facebook": "https://www.facebook.com/accrocheaventure/",
        "contact:instagram": "https://www.instagram.com/accroche_aventure",
        "description": "Accrobranche",
        "fee": "yes",
        "leisure": "high_ropes_course",
        "name": "Parc Accroche aventure",
        "phone": "+33 7 89 91 03 85",
        "source": "BDTopo IGN",
        "sport": "climbing_adventure",
        "website": "https://www.accroche-aventure.com/",
        "@geometry": "center"
      },
      "geometry": {
        "type": "Point",
        "coordinates": [
          4.5610618,
          44.2944329
        ]
      },
      "id": "way/894756362"
    },
    {
      "type": "Feature",
      "properties": {
        "@id": "way/901695982",
        "leisure": "sports_centre",
        "name": "Ludana",
        "sport": "climbing_adventure",
        "website": "https://ludana.fr/",
        "@geometry": "center"
      },
      "geometry": {
        "type": "Point",
        "coordinates": [
          -3.0133244,
          47.8435765
        ]
      },
      "id": "way/901695982"
    },
    {
      "type": "Feature",
      "properties": {
        "@id": "node/915339436",
        "email": "info@angles-aventures.fr",
        "name": "Parcours Aventure",
        "phone": "+33 609 993 949",
        "sport": "climbing_adventure",
        "tourism": "theme_park",
        "website": "https://angles-aventures.fr/"
      },
      "geometry": {
        "type": "Point",
        "coordinates": [
          2.0954089,
          42.5765219
        ]
      },
      "id": "node/915339436"
    },
    {
      "type": "Feature",
      "properties": {
        "@id": "way/934031873",
        "fee": "yes",
        "fixme": "Limite de la surface occupée à revoir avec précision sur plan ou autre.",
        "leisure": "sports_centre",
        "name": "ChloroFil - Le Parcours Branché (Accrobranche)",
        "source": "local knowledge;survey",
        "sport": "climbing_adventure",
        "@geometry": "center"
      },
      "geometry": {
        "type": "Point",
        "coordinates": [
          3.0532002,
          50.5029913
        ]
      },
      "id": "way/934031873"
    },
    {
      "type": "Feature",
      "properties": {
        "@id": "way/944747363",
        "building": "retail",
        "building:levels": "1",
        "contact:facebook": "https://www.facebook.com/Le-Bois-des-Elfes-102006874578823/",
        "contact:instagram": "https://www.instagram.com/le_bois_des_elfes/?hl=fr",
        "description:payment": "accepte les chèque vacances (ANCV)",
        "email": "contact@lebois-deselfes.fr",
        "fee": "yes",
        "mobile": "+33 6 52 85 87 95",
        "name": "Le bois des elfes",
        "payment:cash": "yes",
        "payment:cb": "yes",
        "payment:cheque": "yes",
        "payment:cryptocurrencies": "no",
        "payment:electronic_purses": "no",
        "payment:maestro": "yes",
        "payment:mastercard": "yes",
        "payment:visa": "yes",
        "payment:visa_debit": "yes",
        "phone": "+33 7 82 30 26 95",
        "roof:shape": "skillion",
        "sport": "climbing_adventure",
        "website": "https://lebois-deselfes.fr/nous-contacter",
        "@geometry": "center"
      },
      "geometry": {
        "type": "Point",
        "coordinates": [
          1.378048,
          44.7494461
        ]
      },
      "id": "way/944747363"
    },
    {
      "type": "Feature",
      "properties": {
        "@id": "way/963180947",
        "addr:postcode": "13300",
        "addr:street": "Chemin de la Pinède",
        "fee": "yes",
        "landuse": "recreation_ground",
        "leisure": "sports_centre",
        "name": "Accro Passion",
        "payment:cash": "yes",
        "phone": "+33 6 16 75 27 79",
        "sport": "climbing_adventure",
        "tourism": "attraction",
        "website": "https://accropassion.com/",
        "wheelchair": "no",
        "@geometry": "center"
      },
      "geometry": {
        "type": "Point",
        "coordinates": [
          5.1063158,
          43.6376887
        ]
      },
      "id": "way/963180947"
    },
    {
      "type": "Feature",
      "properties": {
        "@id": "way/965153982",
        "contact:website": "https://parc-aventure-du-soler.fr/",
        "landuse": "recreation_ground",
        "name": "Parc Aventure du Soler",
        "name:ca": "Parc Aventure du Soler",
        "sport": "climbing_adventure",
        "@geometry": "center"
      },
      "geometry": {
        "type": "Point",
        "coordinates": [
          2.7880671,
          42.6825848
        ]
      },
      "id": "way/965153982"
    },
    {
      "type": "Feature",
      "properties": {
        "@id": "way/967393793",
        "landuse": "recreation_ground",
        "leisure": "sports_centre",
        "name": "Parc Aventure du Haut-Verdon",
        "sport": "climbing_adventure",
        "@geometry": "center"
      },
      "geometry": {
        "type": "Point",
        "coordinates": [
          6.5889573,
          44.1372255
        ]
      },
      "id": "way/967393793"
    },
    {
      "type": "Feature",
      "properties": {
        "@id": "way/968000770",
        "description": "Parcours acrobatique en hauteur (accrobranche)",
        "description:en": "Adventure park (in trees)",
        "fixme": "exact position & size",
        "landuse": "recreation_ground",
        "leisure": "sports_centre",
        "name": "Belle-Île Aventure",
        "sport": "climbing_adventure",
        "@geometry": "center"
      },
      "geometry": {
        "type": "Point",
        "coordinates": [
          -3.1910231,
          47.3485484
        ]
      },
      "id": "way/968000770"
    },
    {
      "type": "Feature",
      "properties": {
        "@id": "way/977863737",
        "leisure": "sports_centre",
        "name": "Xtreme Parc",
        "sport": "climbing_adventure",
        "@geometry": "center"
      },
      "geometry": {
        "type": "Point",
        "coordinates": [
          9.1955689,
          41.6588274
        ]
      },
      "id": "way/977863737"
    },
    {
      "type": "Feature",
      "properties": {
        "@id": "way/982321823",
        "landuse": "recreation_ground",
        "leisure": "sports_centre",
        "name": "Parcours accrobranche du Chalet de la Haute Joux",
        "operator": "Chalet de la Haute Joux",
        "sport": "climbing_adventure",
        "wheelchair": "no",
        "@geometry": "center"
      },
      "geometry": {
        "type": "Point",
        "coordinates": [
          6.1244634,
          46.7380464
        ]
      },
      "id": "way/982321823"
    },
    {
      "type": "Feature",
      "properties": {
        "@id": "way/1002724833",
        "landuse": "recreation_ground",
        "name": "Domaine La Yole",
        "sport": "climbing_adventure",
        "tourism": "theme_park",
        "@geometry": "center"
      },
      "geometry": {
        "type": "Point",
        "coordinates": [
          3.2547976,
          43.2324138
        ]
      },
      "id": "way/1002724833"
    },
    {
      "type": "Feature",
      "properties": {
        "@id": "way/1009913055",
        "landuse": "recreation_ground",
        "sport": "climbing_adventure",
        "@geometry": "center"
      },
      "geometry": {
        "type": "Point",
        "coordinates": [
          0.0083941,
          47.0911366
        ]
      },
      "id": "way/1009913055"
    },
    {
      "type": "Feature",
      "properties": {
        "@id": "way/1014341940",
        "aerialway": "zip_line",
        "layer": "1",
        "name": "Tyrolienne",
        "oneway": "yes",
        "sport": "climbing_adventure",
        "@geometry": "center"
      },
      "geometry": {
        "type": "Point",
        "coordinates": [
          6.4326725,
          45.4481691
        ]
      },
      "id": "way/1014341940"
    },
    {
      "type": "Feature",
      "properties": {
        "@id": "way/1031465518",
        "landuse": "recreation_ground",
        "leisure": "sports_centre",
        "name": "Au fil des arbres",
        "playground": "climbingframe",
        "sport": "climbing_adventure",
        "@geometry": "center"
      },
      "geometry": {
        "type": "Point",
        "coordinates": [
          4.5908971,
          46.0322528
        ]
      },
      "id": "way/1031465518"
    },
    {
      "type": "Feature",
      "properties": {
        "@id": "way/1035994796",
        "landuse": "recreation_ground",
        "name": "Oxygen Valley Accrobranche",
        "sport": "climbing_adventure",
        "website": "https://www.oxygenvalley.fr/",
        "@geometry": "center"
      },
      "geometry": {
        "type": "Point",
        "coordinates": [
          1.3474544,
          43.5629378
        ]
      },
      "id": "way/1035994796"
    },
    {
      "type": "Feature",
      "properties": {
        "@id": "way/1044058021",
        "access": "customers",
        "barrier": "fence",
        "landuse": "recreation_ground",
        "note": "tracé imprécis sous les arbres...",
        "sport": "climbing_adventure",
        "website": "https://www.moulin-neuf-aventure.bzh/activites/aventure-et-sensations/filets-dans-les-arbres/",
        "@geometry": "center"
      },
      "geometry": {
        "type": "Point",
        "coordinates": [
          -2.350802,
          47.6922943
        ]
      },
      "id": "way/1044058021"
    },
    {
      "type": "Feature",
      "properties": {
        "@id": "way/1057578232",
        "leisure": "sports_centre",
        "name": "Tyroliane",
        "sport": "climbing_adventure",
        "tourism": "attraction",
        "@geometry": "center"
      },
      "geometry": {
        "type": "Point",
        "coordinates": [
          4.0639381,
          43.7065377
        ]
      },
      "id": "way/1057578232"
    },
    {
      "type": "Feature",
      "properties": {
        "@id": "way/1059068448",
        "contact:phone": "+33 6 95 58 84 52",
        "email": "lebaudrille@gmail.com",
        "leisure": "sports_centre",
        "name": "Le Baud'Rillé",
        "sport": "climbing_adventure",
        "website": "https://www.lebaudrille.fr/",
        "@geometry": "center"
      },
      "geometry": {
        "type": "Point",
        "coordinates": [
          0.218984,
          47.4610567
        ]
      },
      "id": "way/1059068448"
    },
    {
      "type": "Feature",
      "properties": {
        "@id": "way/1065084664",
        "leisure": "sports_centre",
        "sport": "climbing_adventure",
        "@geometry": "center"
      },
      "geometry": {
        "type": "Point",
        "coordinates": [
          6.3469178,
          46.7633328
        ]
      },
      "id": "way/1065084664"
    },
    {
      "type": "Feature",
      "properties": {
        "@id": "way/1067945817",
        "contact:website": "https://www.acroparc-millau-gorgesdutarn.fr/",
        "leisure": "sports_centre",
        "name": "Acroparc du Mas",
        "source": "survey 2022",
        "sport": "climbing_adventure",
        "@geometry": "center"
      },
      "geometry": {
        "type": "Point",
        "coordinates": [
          3.1090142,
          44.1582951
        ]
      },
      "id": "way/1067945817"
    },
    {
      "type": "Feature",
      "properties": {
        "@id": "way/1069092814",
        "leisure": "sports_centre",
        "sport": "climbing_adventure",
        "@geometry": "center"
      },
      "geometry": {
        "type": "Point",
        "coordinates": [
          5.1528804,
          46.0847628
        ]
      },
      "id": "way/1069092814"
    },
    {
      "type": "Feature",
      "properties": {
        "@id": "way/1080444532",
        "leisure": "pitch",
        "sport": "climbing_adventure",
        "@geometry": "center"
      },
      "geometry": {
        "type": "Point",
        "coordinates": [
          6.7805969,
          45.5751993
        ]
      },
      "id": "way/1080444532"
    },
    {
      "type": "Feature",
      "properties": {
        "@id": "way/1081671856",
        "addr:city": "Usson-en-Forez",
        "addr:postcode": "42550",
        "leisure": "sports_centre",
        "name": "Usson Aventure",
        "source": "survey 2016",
        "sport": "climbing_adventure",
        "tourism": "yes",
        "website": "https://parc-usson-aventure.com/",
        "@geometry": "center"
      },
      "geometry": {
        "type": "Point",
        "coordinates": [
          3.9531199,
          45.3938086
        ]
      },
      "id": "way/1081671856"
    },
    {
      "type": "Feature",
      "properties": {
        "@id": "way/1085284293",
        "fee": "yes",
        "leisure": "sports_centre",
        "name": "Vert'tige Aventure",
        "sport": "climbing_adventure",
        "website": "https://www.vert-tige-aventure.fr/",
        "@geometry": "center"
      },
      "geometry": {
        "type": "Point",
        "coordinates": [
          4.7866544,
          44.4259809
        ]
      },
      "id": "way/1085284293"
    },
    {
      "type": "Feature",
      "properties": {
        "@id": "way/1090420916",
        "addr:street": "Le Bois des Usiaux",
        "leisure": "sports_centre",
        "name": "Acrobois Romans",
        "sport": "climbing_adventure",
        "website": "https://romans.les-acrobois.fr/",
        "@geometry": "center"
      },
      "geometry": {
        "type": "Point",
        "coordinates": [
          5.0145719,
          45.1057335
        ]
      },
      "id": "way/1090420916"
    },
    {
      "type": "Feature",
      "properties": {
        "@id": "way/1090844513",
        "access": "customers",
        "leisure": "pitch",
        "lit": "no",
        "name": "Colmiane Forest",
        "sport": "climbing_adventure",
        "surface": "wood",
        "tourism": "attraction",
        "wikidata": "Q120322113",
        "@geometry": "center"
      },
      "geometry": {
        "type": "Point",
        "coordinates": [
          7.2213614,
          44.070211
        ]
      },
      "id": "way/1090844513"
    },
    {
      "type": "Feature",
      "properties": {
        "@id": "way/1094969159",
        "access": "customers",
        "leisure": "pitch",
        "lit": "no",
        "name": "Accro des Merveilles",
        "opening_hours": "Jul-Aug Sa,Su 10:00-17:00",
        "sport": "climbing_adventure",
        "surface": "grass",
        "website": "https://www.accrodesmerveilles.com/accueil",
        "@geometry": "center"
      },
      "geometry": {
        "type": "Point",
        "coordinates": [
          7.5078184,
          44.0959814
        ]
      },
      "id": "way/1094969159"
    },
    {
      "type": "Feature",
      "properties": {
        "@id": "way/1168573645",
        "landuse": "recreation_ground",
        "name": "L'Accrobranche",
        "sport": "climbing_adventure",
        "@geometry": "center"
      },
      "geometry": {
        "type": "Point",
        "coordinates": [
          3.0496691,
          50.6385037
        ]
      },
      "id": "way/1168573645"
    },
    {
      "type": "Feature",
      "properties": {
        "@id": "way/1179985283",
        "description": "Accrobranche",
        "landuse": "recreation_ground",
        "sport": "climbing_adventure",
        "@geometry": "center"
      },
      "geometry": {
        "type": "Point",
        "coordinates": [
          -3.0718252,
          48.6841553
        ]
      },
      "id": "way/1179985283"
    },
    {
      "type": "Feature",
      "properties": {
        "@id": "way/1191665979",
        "landuse": "recreation_ground",
        "name": "Grimpobranches Orient Parc Aventure",
        "sport": "climbing_adventure",
        "website": "https://www.grimpobranches-lusigny.com",
        "@geometry": "center"
      },
      "geometry": {
        "type": "Point",
        "coordinates": [
          4.2959013,
          48.2639805
        ]
      },
      "id": "way/1191665979"
    },
    {
      "type": "Feature",
      "properties": {
        "@id": "way/1193222787",
        "name": "Bonobo Park",
        "sport": "climbing_adventure",
        "tourism": "theme_park",
        "@geometry": "center"
      },
      "geometry": {
        "type": "Point",
        "coordinates": [
          -4.0981347,
          47.9772653
        ]
      },
      "id": "way/1193222787"
    },
    {
      "type": "Feature",
      "properties": {
        "@id": "way/1199387776",
        "addr:street": "Le Plessis",
        "contact:website": "https://cliclacaventure.fr/",
        "landuse": "recreation_ground",
        "name": "Clic’Lac Terre d'Aventure",
        "phone": "+33 6 52 53 88 53",
        "sport": "climbing_adventure",
        "website": "https://www.cliclacaventure.fr/",
        "@geometry": "center"
      },
      "geometry": {
        "type": "Point",
        "coordinates": [
          1.1524883,
          47.1555095
        ]
      },
      "id": "way/1199387776"
    },
    {
      "type": "Feature",
      "properties": {
        "@id": "way/1199440078",
        "barrier": "fence",
        "landuse": "recreation_ground",
        "name": "Rénac Aventure accrobranche",
        "sport": "climbing_adventure",
        "website": "https://www.renacaventure.com/",
        "@geometry": "center"
      },
      "geometry": {
        "type": "Point",
        "coordinates": [
          2.2212224,
          44.9357031
        ]
      },
      "id": "way/1199440078"
    },
    {
      "type": "Feature",
      "properties": {
        "@id": "way/1202724719",
        "landuse": "recreation_ground",
        "name": "Natura Game",
        "sport": "climbing_adventure",
        "url": "http://www.natura-game.fr/",
        "@geometry": "center"
      },
      "geometry": {
        "type": "Point",
        "coordinates": [
          1.5518189,
          43.6904033
        ]
      },
      "id": "way/1202724719"
    },
    {
      "type": "Feature",
      "properties": {
        "@id": "way/1204038019",
        "leisure": "pitch",
        "sport": "climbing_adventure",
        "@geometry": "center"
      },
      "geometry": {
        "type": "Point",
        "coordinates": [
          7.2171933,
          43.6689365
        ]
      },
      "id": "way/1204038019"
    },
    {
      "type": "Feature",
      "properties": {
        "@id": "way/1208372660",
        "leisure": "sports_centre",
        "name": "Adrenature",
        "phone": "+33682787910",
        "sport": "climbing_adventure",
        "website": "https://www.adrenature.fr/",
        "@geometry": "center"
      },
      "geometry": {
        "type": "Point",
        "coordinates": [
          -3.8177887,
          47.9045589
        ]
      },
      "id": "way/1208372660"
    },
    {
      "type": "Feature",
      "properties": {
        "@id": "way/1208917883",
        "landuse": "recreation_ground",
        "name": "Fun Park Accrobranche de Brest",
        "sport": "climbing_adventure",
        "@geometry": "center"
      },
      "geometry": {
        "type": "Point",
        "coordinates": [
          -4.2798044,
          48.3715285
        ]
      },
      "id": "way/1208917883"
    },
    {
      "type": "Feature",
      "properties": {
        "@id": "way/1222257139",
        "addr:city": "Saint-Valery-sur-Somme",
        "addr:postcode": "80230",
        "contact:website": "https://www.parcaventure-baiedesomme.com/",
        "landuse": "recreation_ground",
        "name": "Parc Salomon",
        "sport": "climbing_adventure",
        "@geometry": "center"
      },
      "geometry": {
        "type": "Point",
        "coordinates": [
          1.6369333,
          50.176282
        ]
      },
      "id": "way/1222257139"
    },
    {
      "type": "Feature",
      "properties": {
        "@id": "way/1268424008",
        "fee": "yes",
        "landuse": "recreation_ground",
        "name": "Parc accrobranche",
        "opening_hours": "\"seasonally\"",
        "operator": "Préférence Plein-Air",
        "operator:website": "https://www.preferencepleinair.com/",
        "sport": "climbing_adventure",
        "@geometry": "center"
      },
      "geometry": {
        "type": "Point",
        "coordinates": [
          -0.076335,
          48.3599927
        ]
      },
      "id": "way/1268424008"
    },
    {
      "type": "Feature",
      "properties": {
        "@id": "way/1275046877",
        "landuse": "recreation_ground",
        "source": "Le ministère de la ville, de la jeunesse et des sports - 2024-04",
        "sport": "climbing_adventure",
        "@geometry": "center"
      },
      "geometry": {
        "type": "Point",
        "coordinates": [
          0.5523533,
          45.654408
        ]
      },
      "id": "way/1275046877"
    },
    {
      "type": "Feature",
      "properties": {
        "@id": "way/1276433002",
        "fixme": "délimitation approximative",
        "leisure": "sports_centre",
        "name": "Ecopark Adventures Marseille Saint-Jérôme",
        "source": "Le ministère de la ville, de la jeunesse et des sports - 2024-04",
        "sport": "climbing_adventure",
        "website": "https://ecopark-adventures.com/parks/parc-accrobranche-marseille/",
        "@geometry": "center"
      },
      "geometry": {
        "type": "Point",
        "coordinates": [
          5.4219731,
          43.3349132
        ]
      },
      "id": "way/1276433002"
    },
    {
      "type": "Feature",
      "properties": {
        "@id": "way/1280145802",
        "area": "yes",
        "name": "Parc Vauban Aventures",
        "sport": "climbing_adventure",
        "tourism": "attraction",
        "@geometry": "center"
      },
      "geometry": {
        "type": "Point",
        "coordinates": [
          5.8694032,
          46.939964
        ]
      },
      "id": "way/1280145802"
    },
    {
      "type": "Feature",
      "properties": {
        "@id": "way/1287098656",
        "name": "Accro Jungle",
        "sport": "climbing_adventure",
        "tourism": "attraction",
        "@geometry": "center"
      },
      "geometry": {
        "type": "Point",
        "coordinates": [
          1.1313639,
          43.7874129
        ]
      },
      "id": "way/1287098656"
    },
    {
      "type": "Feature",
      "properties": {
        "@id": "way/1287098676",
        "name": "Filets en Folie",
        "sport": "climbing_adventure",
        "tourism": "attraction",
        "@geometry": "center"
      },
      "geometry": {
        "type": "Point",
        "coordinates": [
          1.1340304,
          43.7870386
        ]
      },
      "id": "way/1287098676"
    },
    {
      "type": "Feature",
      "properties": {
        "@id": "way/1304425179",
        "fee": "yes",
        "landuse": "recreation_ground",
        "leisure": "sports_centre",
        "mobile": "+336 82 90 64 78",
        "name": "Saint Cast Aventure",
        "phone": "+332 96 80 55 55",
        "sport": "climbing_adventure",
        "website": "https://www.saintcast-aventure.com/",
        "@geometry": "center"
      },
      "geometry": {
        "type": "Point",
        "coordinates": [
          -2.2688324,
          48.6081159
        ]
      },
      "id": "way/1304425179"
    },
    {
      "type": "Feature",
      "properties": {
        "@id": "way/1305940817",
        "addr:city": "Saint-Genès-de-Lombaud",
        "addr:postcode": "33670",
        "addr:street": "Bois de Mauquey",
        "email": "contact@arbor-et-sens.fr",
        "fee": "yes",
        "leisure": "sports_centre",
        "mobile": "+33 6 99 74 45 67",
        "name": "Arbor et sens",
        "operator": "ARBOR ET SENS",
        "operator:type": "private",
        "ref:FR:SIRET": "45252392100024",
        "sport": "climbing_adventure",
        "website": "https://arbor-et-sens.fr/",
        "@geometry": "center"
      },
      "geometry": {
        "type": "Point",
        "coordinates": [
          -0.4001368,
          44.7445772
        ]
      },
      "id": "way/1305940817"
    },
    {
      "type": "Feature",
      "properties": {
        "@id": "way/1307037011",
        "landuse": "recreation_ground",
        "name": "Airplane Nature",
        "sport": "climbing_adventure",
        "website": "https://www.airplane-nature.fr/",
        "@geometry": "center"
      },
      "geometry": {
        "type": "Point",
        "coordinates": [
          -2.7323543,
          47.7259613
        ]
      },
      "id": "way/1307037011"
    },
    {
      "type": "Feature",
      "properties": {
        "@id": "way/1307067296",
        "fee": "yes",
        "leisure": "sports_centre",
        "name": "Feeling Forest",
        "sport": "climbing_adventure",
        "@geometry": "center"
      },
      "geometry": {
        "type": "Point",
        "coordinates": [
          -1.9798117,
          46.7382776
        ]
      },
      "id": "way/1307067296"
    },
    {
      "type": "Feature",
      "properties": {
        "@id": "way/1308483487",
        "landuse": "recreation_ground",
        "operator": "Sherwood Parc",
        "sport": "climbing_adventure",
        "@geometry": "center"
      },
      "geometry": {
        "type": "Point",
        "coordinates": [
          2.3921918,
          49.113571
        ]
      },
      "id": "way/1308483487"
    },
    {
      "type": "Feature",
      "properties": {
        "@id": "way/1310851314",
        "landuse": "recreation_ground",
        "name": "Le Mars Aventures",
        "opening_hours": "Su-Fr 13:30-19:30",
        "operator": "Association Sports, Loisirs, Jeunesse",
        "sport": "climbing_adventure",
        "tourism": "theme_park",
        "@geometry": "center"
      },
      "geometry": {
        "type": "Point",
        "coordinates": [
          2.6450363,
          45.1264572
        ]
      },
      "id": "way/1310851314"
    },
    {
      "type": "Feature",
      "properties": {
        "@id": "way/1312084839",
        "area": "yes",
        "name": "Parcours Pitchounes",
        "sport": "climbing_adventure",
        "tourism": "attraction",
        "@geometry": "center"
      },
      "geometry": {
        "type": "Point",
        "coordinates": [
          6.1006437,
          49.0210468
        ]
      },
      "id": "way/1312084839"
    },
    {
      "type": "Feature",
      "properties": {
        "@id": "way/1312084840",
        "area": "yes",
        "name": "Les Cabanes de Pokey",
        "sport": "climbing_adventure",
        "tourism": "attraction",
        "@geometry": "center"
      },
      "geometry": {
        "type": "Point",
        "coordinates": [
          6.1003393,
          49.02107
        ]
      },
      "id": "way/1312084840"
    },
    {
      "type": "Feature",
      "properties": {
        "@id": "way/1313120717",
        "email": "parcoursvalaventure@gmail.com",
        "landuse": "recreation_ground",
        "mobile": "+33 7 63 67 82 19",
        "name": "Val'Aventure",
        "opening_hours": "Jul-Aug 10:00-19:00",
        "sport": "climbing_adventure",
        "website": "https://www.parcoursvalaventure.com/",
        "@geometry": "center"
      },
      "geometry": {
        "type": "Point",
        "coordinates": [
          6.9825305,
          45.4450075
        ]
      },
      "id": "way/1313120717"
    },
    {
      "type": "Feature",
      "properties": {
        "@id": "way/1315878738",
        "fee": "yes",
        "leisure": "sports_centre",
        "name": "Funpark",
        "sport": "climbing_adventure",
        "website": "https://funpark.bzh/crozon/",
        "@geometry": "center"
      },
      "geometry": {
        "type": "Point",
        "coordinates": [
          -4.5198493,
          48.2364206
        ]
      },
      "id": "way/1315878738"
    },
    {
      "type": "Feature",
      "properties": {
        "@id": "way/1321456549",
        "leisure": "sports_centre",
        "name": "Acro'Aventures Talloires",
        "sport": "climbing_adventure",
        "@geometry": "center"
      },
      "geometry": {
        "type": "Point",
        "coordinates": [
          6.2242566,
          45.8534083
        ]
      },
      "id": "way/1321456549"
    },
    {
      "type": "Feature",
      "properties": {
        "@id": "way/1328388513",
        "leisure": "sports_centre",
        "name": "Coudou Parc",
        "phone": "+33 6 63 77 02 06",
        "source": "Le ministère de la ville, de la jeunesse et des sports - 2024-10",
        "sport": "climbing_adventure",
        "website": "https://www.coudouparc.com/",
        "@geometry": "center"
      },
      "geometry": {
        "type": "Point",
        "coordinates": [
          5.8193144,
          43.094448
        ]
      },
      "id": "way/1328388513"
    },
    {
      "type": "Feature",
      "properties": {
        "@id": "node/1345186327",
        "building": "hut",
        "designation": "Tyrotrekking",
        "leisure": "sports_centre",
        "name": "Asco Valle Adventure",
        "sport": "climbing_adventure"
      },
      "geometry": {
        "type": "Point",
        "coordinates": [
          9.0820559,
          42.457983
        ]
      },
      "id": "node/1345186327"
    },
    {
      "type": "Feature",
      "properties": {
        "@id": "way/1354155185",
        "alt_name": "Acroplaine Parc Aventure",
        "contact:website": "https://www.acroplaine.com/index.php",
        "landuse": "recreation_ground",
        "name": "Acroplaine",
        "phone": "+262 6 93 77 22 12",
        "sport": "climbing_adventure",
        "@geometry": "center"
      },
      "geometry": {
        "type": "Point",
        "coordinates": [
          55.5947698,
          -21.1471902
        ]
      },
      "id": "way/1354155185"
    },
    {
      "type": "Feature",
      "properties": {
        "@id": "node/1357592004",
        "name": "City Aventure Lyon - Ste Foy",
        "sport": "climbing_adventure",
        "tourism": "attraction",
        "website": "https://www.cityaventure.com/parc/parc-d-attraction-ste-foy/"
      },
      "geometry": {
        "type": "Point",
        "coordinates": [
          4.7930643,
          45.7258436
        ]
      },
      "id": "node/1357592004"
    },
    {
      "type": "Feature",
      "properties": {
        "@id": "node/1361319542",
        "fee": "yes",
        "leisure": "sports_centre",
        "name": "Forêt Adrénaline",
        "opening_hours": "easter-Oct 31",
        "source": "survey",
        "sport": "climbing_adventure",
        "website": "https://www.foretadrenaline.com/rennes/"
      },
      "geometry": {
        "type": "Point",
        "coordinates": [
          -1.646365,
          48.135654
        ]
      },
      "id": "node/1361319542"
    },
    {
      "type": "Feature",
      "properties": {
        "@id": "node/1366433635",
        "leisure": "sports_centre",
        "name": "La Forêt de l'Enfer",
        "sport": "climbing_adventure",
        "website": "https://www.foretdelenfer.com"
      },
      "geometry": {
        "type": "Point",
        "coordinates": [
          6.4182677,
          45.162808
        ]
      },
      "id": "node/1366433635"
    },
    {
      "type": "Feature",
      "properties": {
        "@id": "node/1369954397",
        "leisure": "sports_centre",
        "name": "Aventhuré",
        "opening_hours": "Mo-Su 10:00-19:00",
        "phone": "+33 6 25 71 44 74",
        "sport": "climbing_adventure",
        "website": "http://www.aventhure.fr/"
      },
      "geometry": {
        "type": "Point",
        "coordinates": [
          0.4391049,
          46.7976729
        ]
      },
      "id": "node/1369954397"
    },
    {
      "type": "Feature",
      "properties": {
        "@id": "node/1378975516",
        "leisure": "sports_centre",
        "name": "Accro-Parc Mas de l'Ayre",
        "sport": "climbing_adventure",
        "website": "https://accro-parc.com/"
      },
      "geometry": {
        "type": "Point",
        "coordinates": [
          3.9864981,
          44.4295951
        ]
      },
      "id": "node/1378975516"
    },
    {
      "type": "Feature",
      "properties": {
        "@id": "node/1380484781",
        "addr:city": "Bellevaux",
        "addr:housenumber": "523",
        "addr:postcode": "74470",
        "addr:street": "Route des Tannes",
        "contact:email": "g.r.aventures@free.fr",
        "contact:mobile": "+33 6 03 26 33 67",
        "contact:phone": "+33 4 50 94 64 76",
        "contact:website": "http://gr-aventure.fr/",
        "leisure": "sports_centre",
        "name": "L'Accroparc Bella Vallis",
        "reservation": "yes",
        "source": "Le ministère de la ville, de la jeunesse et des sports - 2021-04",
        "sport": "climbing_adventure",
        "tourism": "attraction"
      },
      "geometry": {
        "type": "Point",
        "coordinates": [
          6.5312427,
          46.2527
        ]
      },
      "id": "node/1380484781"
    },
    {
      "type": "Feature",
      "properties": {
        "@id": "way/1382309815",
        "leisure": "track",
        "oneway": "yes",
        "piste:difficulty": "easy",
        "sport": "climbing_adventure",
        "@geometry": "center"
      },
      "geometry": {
        "type": "Point",
        "coordinates": [
          2.4388249,
          48.292012
        ]
      },
      "id": "way/1382309815"
    },
    {
      "type": "Feature",
      "properties": {
        "@id": "node/1386032827",
        "leisure": "sports_centre",
        "name": "Indian Forest",
        "sport": "climbing_adventure",
        "website": "https://www.aventure-nature.com/"
      },
      "geometry": {
        "type": "Point",
        "coordinates": [
          -2.5937228,
          48.5038346
        ]
      },
      "id": "node/1386032827"
    },
    {
      "type": "Feature",
      "properties": {
        "@id": "way/1395919794",
        "addr:city": "Toulouse",
        "addr:postcode": "31200",
        "addr:street": "Base de loisirs de Sesquières parking du lac de Sesquières,",
        "fee": "yes",
        "leisure": "sports_centre",
        "name": "Accrocamp Toulouse",
        "opening_hours": "Mo-Su 10:00-19:00",
        "operator": "Accrocamp",
        "operator:type": "business",
        "payment:cash": "yes",
        "payment:credit_cards": "yes",
        "sport": "climbing_adventure",
        "@geometry": "center"
      },
      "geometry": {
        "type": "Point",
        "coordinates": [
          1.4177709,
          43.6481652
        ]
      },
      "id": "way/1395919794"
    },
    {
      "type": "Feature",
      "properties": {
        "@id": "way/1395922544",
        "addr:city": "Chartres",
        "addr:housenumber": "6",
        "addr:postcode": "28000",
        "addr:street": "Place Saint-Jean, Parc André Gagnon",
        "fee": "yes",
        "leisure": "sports_centre",
        "name": "AccroCamp Chartres",
        "opening_hours": "Mo-Su 10:00-18:00",
        "operator": "Accrocamp",
        "operator:type": "business",
        "payment:cash": "yes",
        "payment:credit_cards": "yes",
        "payment:debit_cards": "yes",
        "sport": "climbing_adventure",
        "@geometry": "center"
      },
      "geometry": {
        "type": "Point",
        "coordinates": [
          1.4834612,
          48.450102
        ]
      },
      "id": "way/1395922544"
    },
    {
      "type": "Feature",
      "properties": {
        "@id": "way/1395924894",
        "addr:city": "Angoulême",
        "addr:housenumber": "2bis",
        "addr:postcode": "16000",
        "addr:street": "Rue Guy Pascaud, Parc de loisirs de Fregeneuil",
        "fee": "yes",
        "leisure": "sports_centre",
        "name": "Accrocamp Angouleme",
        "opening_hours": "Mo-Su 10:00-19:00",
        "operator": "Accrocamp",
        "operator:type": "business",
        "payment:cash": "yes",
        "payment:credit_cards": "yes",
        "payment:debit_cards": "yes",
        "payment:visa": "yes",
        "sport": "climbing_adventure",
        "@geometry": "center"
      },
      "geometry": {
        "type": "Point",
        "coordinates": [
          0.1383718,
          45.6560362
        ]
      },
      "id": "way/1395924894"
    },
    {
      "type": "Feature",
      "properties": {
        "@id": "way/1395928047",
        "addr:city": "Mercury",
        "addr:postcode": "73200",
        "addr:street": "Route du Collet de Tamié",
        "fee": "yes",
        "leisure": "sports_centre",
        "name": "AccroCamp Fort de Tamié",
        "opening_hours": "Mo-Su 10:30-18:30",
        "operator": "AccroCamp",
        "operator:type": "business",
        "payment:cash": "yes",
        "payment:credit_cards": "yes",
        "payment:debit_cards": "yes",
        "sport": "climbing_adventure",
        "@geometry": "center"
      },
      "geometry": {
        "type": "Point",
        "coordinates": [
          6.3129151,
          45.6724096
        ]
      },
      "id": "way/1395928047"
    },
    {
      "type": "Feature",
      "properties": {
        "@id": "way/1395932806",
        "addr:city": "Rouen",
        "addr:postcode": "76000",
        "addr:street": "Rue Sainte-Amélie, Parc Jacques Chastellain",
        "fee": "yes",
        "leisure": "sports_centre",
        "name": "AccroCamp Rouen",
        "opening_hours": "Sa-Su 10:00-19:00; Mo-Tu 12:00-16:00; We 10:00-19:00; Th-Fr 12:00-16:00",
        "operator": "Accrocamp",
        "operator:type": "business",
        "payment:cash": "yes",
        "payment:credit_cards": "yes",
        "payment:debit_cards": "yes",
        "sport": "climbing_adventure",
        "@geometry": "center"
      },
      "geometry": {
        "type": "Point",
        "coordinates": [
          1.1067839,
          49.4286298
        ]
      },
      "id": "way/1395932806"
    },
    {
      "type": "Feature",
      "properties": {
        "@id": "way/1395941062",
        "addr:city": "Moisson",
        "addr:postcode": "78840",
        "addr:street": "Rte de Mousseaux",
        "fee": "yes",
        "leisure": "sports_centre",
        "name": "AccroCamp Giverny - Boucles de Seine",
        "opening_hours": "Mo-Su 10:00-19:00",
        "operator": "AccroCamp",
        "operator:type": "business",
        "payment:cash": "yes",
        "payment:credit_cards": "yes",
        "payment:debit_cards": "yes",
        "sport": "climbing_adventure",
        "@geometry": "center"
      },
      "geometry": {
        "type": "Point",
        "coordinates": [
          1.6676988,
          49.0587034
        ]
      },
      "id": "way/1395941062"
    },
    {
      "type": "Feature",
      "properties": {
        "@id": "way/1395983620",
        "addr:city": "Jablines",
        "addr:postcode": "77450",
        "addr:street": "Île de loisirs, Accrocamp Paris,",
        "fee": "yes",
        "leisure": "sports_centre",
        "name": "Accrocamp Jablines",
        "opening_hours": "Mo-Fr 12:00-16:00; Sa-Su 10:00-19:00",
        "operator": "AccroCamp",
        "operator:type": "business",
        "payment:cash": "yes",
        "payment:credit_cards": "yes",
        "payment:debit_cards": "yes",
        "sport": "climbing_adventure",
        "@geometry": "center"
      },
      "geometry": {
        "type": "Point",
        "coordinates": [
          2.7291051,
          48.9110015
        ]
      },
      "id": "way/1395983620"
    },
    {
      "type": "Feature",
      "properties": {
        "@id": "way/1395986155",
        "addr:city": "Créteil",
        "addr:housenumber": "9",
        "addr:postcode": "94000",
        "addr:street": "Île de loisirs de, 9 Rue Jean Gabin,",
        "fee": "yes",
        "leisure": "sports_centre",
        "name": "AccroCamp Creteil",
        "opening_hours": "Mo-Fr 12:00-16:00; Sa-Su 10:00-19:00",
        "operator": "AccroCamp",
        "operator:type": "business",
        "payment:cash": "yes",
        "payment:credit_cards": "yes",
        "payment:debit_cards": "yes",
        "sport": "climbing_adventure",
        "@geometry": "center"
      },
      "geometry": {
        "type": "Point",
        "coordinates": [
          2.4465441,
          48.774483
        ]
      },
      "id": "way/1395986155"
    },
    {
      "type": "Feature",
      "properties": {
        "@id": "way/1395989927",
        "addr:city": "Chaville",
        "addr:postcode": "92370",
        "addr:street": "Parc Forestier de la Mare Adam, Rte des Huit Bouteilles",
        "fee": "yes",
        "leisure": "sports_centre",
        "name": "AccroCamp Forêt de meudon - Chaville",
        "opening_hours": "Mo-Fr 12:00-16:00; Sa-Su 10:00-19:00",
        "operator": "AccroCamp",
        "operator:type": "business",
        "payment:cash": "yes",
        "payment:credit_cards": "yes",
        "payment:debit_cards": "yes",
        "sport": "climbing_adventure",
        "@geometry": "center"
      },
      "geometry": {
        "type": "Point",
        "coordinates": [
          2.1931045,
          48.8050646
        ]
      },
      "id": "way/1395989927"
    },
    {
      "type": "Feature",
      "properties": {
        "@id": "way/1395991074",
        "addr:city": "Rueil-Malmaison",
        "addr:housenumber": "23 bis",
        "addr:postcode": "92500",
        "addr:street": "Cote de la Jonchère, Centre Sportif Vert-Bois",
        "fee": "yes",
        "leisure": "sports_centre",
        "name": "AccroCamp Rueil Malmaison",
        "opening_hours": "Mo-Su 10:00-19:00",
        "operator": "AccroCamp",
        "operator:type": "business",
        "payment:cash": "yes",
        "payment:credit_cards": "yes",
        "payment:debit_cards": "yes",
        "sport": "climbing_adventure",
        "@geometry": "center"
      },
      "geometry": {
        "type": "Point",
        "coordinates": [
          2.159789,
          48.8677616
        ]
      },
      "id": "way/1395991074"
    },
    {
      "type": "Feature",
      "properties": {
        "@id": "way/1395992199",
        "addr:city": "Poissy",
        "addr:housenumber": "13",
        "addr:postcode": "78300",
        "addr:street": "Avenue du Bon Roi Saint-Louis,Château de Villiers",
        "fee": "yes",
        "leisure": "sports_centre",
        "name": "AccroCamp Poissy",
        "opening_hours": "Mo-Su 10:00-19:00",
        "operator": "AccroCamp",
        "operator:type": "business",
        "payment:cash": "yes",
        "payment:credit_cards": "yes",
        "payment:debit_cards": "yes",
        "sport": "climbing_adventure",
        "@geometry": "center"
      },
      "geometry": {
        "type": "Point",
        "coordinates": [
          2.0225311,
          48.9269109
        ]
      },
      "id": "way/1395992199"
    },
    {
      "type": "Feature",
      "properties": {
        "@id": "way/1395994600",
        "addr:city": "Saint-Germain-en-Laye",
        "addr:housenumber": "48",
        "addr:postcode": "78100",
        "addr:street": "Route de la Mare d'Ayen, Parc Forestier de la Charmeraie, Rue Albert Priolet,",
        "fee": "yes",
        "leisure": "sports_centre",
        "name": "AccroCamp Saint-Germain-En-Laye",
        "opening_hours": "Mo-Su 10:00-19:00",
        "operator": "AccroCamp",
        "operator:type": "business",
        "payment:cash": "yes",
        "payment:credit_cards": "yes",
        "payment:debit_cards": "yes",
        "sport": "climbing_adventure",
        "@geometry": "center"
      },
      "geometry": {
        "type": "Point",
        "coordinates": [
          2.0754794,
          48.9047319
        ]
      },
      "id": "way/1395994600"
    },
    {
      "type": "Feature",
      "properties": {
        "@id": "way/1416956342",
        "addr:city": "Sérignan",
        "addr:postcode": "34410",
        "addr:street": "Route de Valras",
        "contact:email": "contact@accrojump.fr",
        "contact:phone": "+33 4 67 39 57 11",
        "leisure": "sports_centre",
        "name": "AccroJump",
        "sport": "climbing_adventure",
        "website": "https://www.accrojump.fr/",
        "@geometry": "center"
      },
      "geometry": {
        "type": "Point",
        "coordinates": [
          3.2742209,
          43.2538262
        ]
      },
      "id": "way/1416956342"
    },
    {
      "type": "Feature",
      "properties": {
        "@id": "way/1418127138",
        "description": "Accrobranche",
        "dog": "no",
        "fee": "yes",
        "landuse": "recreation_ground",
        "name": "Côte 2000 Aventure",
        "sport": "climbing_adventure",
        "@geometry": "center"
      },
      "geometry": {
        "type": "Point",
        "coordinates": [
          6.6522955,
          45.8188404
        ]
      },
      "id": "way/1418127138"
    },
    {
      "type": "Feature",
      "properties": {
        "@id": "way/1425667425",
        "leisure": "sports_centre",
        "name": "Lutinopark Aventure Accrobranche",
        "sport": "climbing_adventure",
        "website": "https://lutinopark.wixsite.com/lutinopark-aventur-1",
        "@geometry": "center"
      },
      "geometry": {
        "type": "Point",
        "coordinates": [
          1.5331486,
          48.6437703
        ]
      },
      "id": "way/1425667425"
    },
    {
      "type": "Feature",
      "properties": {
        "@id": "way/1427315180",
        "leisure": "sports_centre",
        "name": "Guerlédan Parc Aventure",
        "sport": "climbing_adventure",
        "@geometry": "center"
      },
      "geometry": {
        "type": "Point",
        "coordinates": [
          -3.0129221,
          48.2012589
        ]
      },
      "id": "way/1427315180"
    },
    {
      "type": "Feature",
      "properties": {
        "@id": "node/1427973014",
        "name": "G-Aventura",
        "sport": "climbing_adventure",
        "tourism": "attraction",
        "website": "https://www.g-aventura.corsica"
      },
      "geometry": {
        "type": "Point",
        "coordinates": [
          9.3398356,
          41.8460471
        ]
      },
      "id": "node/1427973014"
    },
    {
      "type": "Feature",
      "properties": {
        "@id": "node/1431678530",
        "leisure": "sports_centre",
        "name": "Acqua & Natura",
        "sport": "climbing_adventure",
        "website": "https://www.corse-canyoning-parc.com/"
      },
      "geometry": {
        "type": "Point",
        "coordinates": [
          9.3948925,
          41.8634052
        ]
      },
      "id": "node/1431678530"
    },
    {
      "type": "Feature",
      "properties": {
        "@id": "node/1437682720",
        "leisure": "sports_centre",
        "name": "Parc Aventure de Valdoniellu",
        "sport": "climbing_adventure",
        "website": "https://www.haute-montagne-corse.com/parcours-aventure-valduniellu-corse"
      },
      "geometry": {
        "type": "Point",
        "coordinates": [
          8.9202676,
          42.2844484
        ]
      },
      "id": "node/1437682720"
    },
    {
      "type": "Feature",
      "properties": {
        "@id": "way/1459126267",
        "addr:city": "Saint-Antonin-Noble-Val",
        "addr:housenumber": "3152",
        "addr:postcode": "82140",
        "addr:street": "Route des Gorges de l'Aveyron",
        "fee": "yes",
        "leisure": "sports_centre",
        "name": "Parc Aventure Saint-Antonin",
        "opening_hours": "May-Oct Sa,Su 13:30-18:00; Jun-Aug 09:00-19:00",
        "payment:cash": "yes",
        "payment:cheque": "yes",
        "payment:cheques_vacances": "yes",
        "payment:credit_cards": "interval @ Jul-Aug",
        "sport": "climbing_adventure",
        "@geometry": "center"
      },
      "geometry": {
        "type": "Point",
        "coordinates": [
          1.7188283,
          44.1528085
        ]
      },
      "id": "way/1459126267"
    },
    {
      "type": "Feature",
      "properties": {
        "@id": "node/1589766441",
        "addr:city": "Gérardmer",
        "addr:country": "FR",
        "addr:housenumber": "50",
        "addr:postcode": "88400",
        "addr:street": "Chemin de Launard",
        "email": "acrosphere88@gmail.com",
        "mobile": "+33 6 06 888 700",
        "name": "Acro-Sphère",
        "source": "cadastre-dgi-fr source : Direction Générale des Impôts - Cadastre. Mise à jour : 2012",
        "sport": "climbing_adventure",
        "tourism": "theme_park",
        "website": "https://www.vosges-aventures.com/"
      },
      "geometry": {
        "type": "Point",
        "coordinates": [
          6.8383482,
          48.0734813
        ]
      },
      "id": "node/1589766441"
    },
    {
      "type": "Feature",
      "properties": {
        "@id": "node/1612236037",
        "leisure": "sports_centre",
        "name": "Tépacap",
        "sport": "climbing_adventure",
        "website": "https://www.tepacap-lemans.fr/",
        "wikidata": "Q120232127"
      },
      "geometry": {
        "type": "Point",
        "coordinates": [
          0.2450134,
          47.9754368
        ]
      },
      "id": "node/1612236037"
    },
    {
      "type": "Feature",
      "properties": {
        "@id": "node/1747356865",
        "leisure": "sports_centre",
        "name": "Cit'Loisirs",
        "source": "cadastre-dgi-fr source : Direction Générale des Impôts - Cadastre. Mise à jour : 2012",
        "sport": "climbing_adventure",
        "website": "https://www.cit-loisirs.fr",
        "wheelchair": "no"
      },
      "geometry": {
        "type": "Point",
        "coordinates": [
          2.7628775,
          50.2822042
        ]
      },
      "id": "node/1747356865"
    },
    {
      "type": "Feature",
      "properties": {
        "@id": "node/1794275439",
        "leisure": "sports_centre",
        "name": "Peira Cava Aventures",
        "sport": "climbing_adventure",
        "website": "https://peiracava-aventures.fr/"
      },
      "geometry": {
        "type": "Point",
        "coordinates": [
          7.3624142,
          43.9414357
        ]
      },
      "id": "node/1794275439"
    },
    {
      "type": "Feature",
      "properties": {
        "@id": "node/1797890355",
        "contact:phone": "+33471403414",
        "name": "Val Aventure - Accrobranche",
        "sport": "climbing_adventure"
      },
      "geometry": {
        "type": "Point",
        "coordinates": [
          2.5072569,
          45.444577
        ]
      },
      "id": "node/1797890355"
    },
    {
      "type": "Feature",
      "properties": {
        "@id": "node/1824702019",
        "name": "Tyrolienne de Jouillat",
        "sport": "climbing_adventure"
      },
      "geometry": {
        "type": "Point",
        "coordinates": [
          1.892588,
          46.2573712
        ]
      },
      "id": "node/1824702019"
    },
    {
      "type": "Feature",
      "properties": {
        "@id": "node/2024927493",
        "leisure": "sports_centre",
        "name": "Grimp à l'Arb parcours acrobatique",
        "sport": "climbing_adventure",
        "website": "http://www.grimpalarb.fr"
      },
      "geometry": {
        "type": "Point",
        "coordinates": [
          2.9677346,
          49.3735643
        ]
      },
      "id": "node/2024927493"
    },
    {
      "type": "Feature",
      "properties": {
        "@id": "node/2028661929",
        "leisure": "sports_centre",
        "name": "Accro parc",
        "sport": "climbing_adventure",
        "website": "https://www.accroparc-de-soyaux.com/"
      },
      "geometry": {
        "type": "Point",
        "coordinates": [
          0.225808,
          45.6283841
        ]
      },
      "id": "node/2028661929"
    },
    {
      "type": "Feature",
      "properties": {
        "@id": "node/2075837696",
        "name": "Acrogivry",
        "source": "data.gouv.fr:Le ministère des droits des femmes, de la ville, de la jeunesse et des sports - 2014",
        "sport": "climbing_adventure",
        "tourism": "attraction",
        "website": "https://acrogivry.fr/"
      },
      "geometry": {
        "type": "Point",
        "coordinates": [
          4.7553228,
          46.7643978
        ]
      },
      "id": "node/2075837696"
    },
    {
      "type": "Feature",
      "properties": {
        "@id": "node/2199762877",
        "leisure": "sports_centre",
        "name": "Guerlédan Parc Aventure",
        "sport": "climbing_adventure",
        "website": "https://www.guerledanparcaventure.fr/"
      },
      "geometry": {
        "type": "Point",
        "coordinates": [
          -3.0121506,
          48.2012222
        ]
      },
      "id": "node/2199762877"
    },
    {
      "type": "Feature",
      "properties": {
        "@id": "node/2313484685",
        "leisure": "sports_centre",
        "name": "Jungle Park Adultes",
        "sport": "climbing_adventure"
      },
      "geometry": {
        "type": "Point",
        "coordinates": [
          6.6443071,
          44.8969707
        ]
      },
      "id": "node/2313484685"
    },
    {
      "type": "Feature",
      "properties": {
        "@id": "node/2313484686",
        "leisure": "sports_centre",
        "name": "Jungle Park Enfants",
        "sport": "climbing_adventure",
        "survey:date": "2023-07-16"
      },
      "geometry": {
        "type": "Point",
        "coordinates": [
          6.6427243,
          44.8967482
        ]
      },
      "id": "node/2313484686"
    },
    {
      "type": "Feature",
      "properties": {
        "@id": "node/2360804876",
        "child": "yes",
        "leisure": "pitch",
        "name": "Parcours du Roi Arthur",
        "name:br": "Hentad ar Roue Arzhur",
        "sport": "climbing_adventure"
      },
      "geometry": {
        "type": "Point",
        "coordinates": [
          -2.0321723,
          48.1011198
        ]
      },
      "id": "node/2360804876"
    },
    {
      "type": "Feature",
      "properties": {
        "@id": "node/2377821937",
        "addr:postcode": "43400",
        "addr:street": "Les Barandons",
        "addr:village": "Le Chambon-sur-Lignon",
        "contact:phone": "+33676055468",
        "contact:website": "https://www.accrobranche-hauteloire.fr/",
        "leisure": "sports_centre",
        "name": "Parcours Aventure de l'Écureuil",
        "sport": "climbing_adventure"
      },
      "geometry": {
        "type": "Point",
        "coordinates": [
          4.3294506,
          45.0717976
        ]
      },
      "id": "node/2377821937"
    },
    {
      "type": "Feature",
      "properties": {
        "@id": "node/2433923775",
        "addr:street": "Pont Baudin",
        "email": "gliair@hotmail.fr",
        "fee": "yes",
        "leisure": "sports_centre",
        "mobile": "+33626075262",
        "name": "Gli'Air",
        "sport": "climbing_adventure",
        "website": "https://www.gliair.com/"
      },
      "geometry": {
        "type": "Point",
        "coordinates": [
          6.7809319,
          45.5284195
        ]
      },
      "id": "node/2433923775"
    },
    {
      "type": "Feature",
      "properties": {
        "@id": "node/2514050001",
        "leisure": "sports_centre",
        "name": "France Aventures",
        "sport": "climbing_adventure",
        "website": "https://www.france-aventures.com/st-etienne-parc-attractions/"
      },
      "geometry": {
        "type": "Point",
        "coordinates": [
          4.446333,
          45.4623166
        ]
      },
      "id": "node/2514050001"
    },
    {
      "type": "Feature",
      "properties": {
        "@id": "node/2516086037",
        "leisure": "sports_centre",
        "name": "Gap Aventure",
        "sport": "climbing_adventure",
        "website": "https://www.gap-aventure.fr/"
      },
      "geometry": {
        "type": "Point",
        "coordinates": [
          6.0863352,
          44.5545113
        ]
      },
      "id": "node/2516086037"
    },
    {
      "type": "Feature",
      "properties": {
        "@id": "node/2607853608",
        "email": "mangofil2@wanadoo.fr",
        "fax": "+596 596680808",
        "leisure": "sports_centre",
        "name": "Mangofil",
        "opening_hours": "We-Su 09:00-17:00",
        "phone": "+596 596680808",
        "sport": "climbing_adventure",
        "website": "https://www.mangofil.fr/"
      },
      "geometry": {
        "type": "Point",
        "coordinates": [
          -61.0132986,
          14.5192786
        ]
      },
      "id": "node/2607853608"
    },
    {
      "type": "Feature",
      "properties": {
        "@id": "node/2855195456",
        "addr:postcode": "44210",
        "leisure": "sports_centre",
        "name": "Pornic Aventure",
        "sport": "climbing_adventure",
        "website": "https://www.pornic-aventure.com/"
      },
      "geometry": {
        "type": "Point",
        "coordinates": [
          -2.091,
          47.1253224
        ]
      },
      "id": "node/2855195456"
    },
    {
      "type": "Feature",
      "properties": {
        "@id": "node/2903361791",
        "charge": "6 EUR",
        "email": "odysseeverte@gresse-en-vercors.fr",
        "fee": "yes",
        "leisure": "sports_centre",
        "name": "L'Odyssée Verte",
        "phone": "+33 4 76 34 34 34",
        "phone:mobile": "+33 6 78 43 86 27",
        "sport": "climbing_adventure",
        "website": "https://www.trieves-vercors.fr/activites/507250_l-odyssee-verte/"
      },
      "geometry": {
        "type": "Point",
        "coordinates": [
          5.5584773,
          44.8913035
        ]
      },
      "id": "node/2903361791"
    },
    {
      "type": "Feature",
      "properties": {
        "@id": "node/2987402522",
        "leisure": "sports_centre",
        "name": "Forêt Adrénaline",
        "sport": "climbing_adventure",
        "website": "https://www.foretadrenaline.com/carnac"
      },
      "geometry": {
        "type": "Point",
        "coordinates": [
          -3.0926247,
          47.6413178
        ]
      },
      "id": "node/2987402522"
    },
    {
      "type": "Feature",
      "properties": {
        "@id": "node/3028275698",
        "leisure": "sports_centre",
        "name": "Jungle Parc",
        "phone": "+33 6 86 73 37 57",
        "sport": "climbing_adventure",
        "website": "https://jungle-parc.fr/"
      },
      "geometry": {
        "type": "Point",
        "coordinates": [
          6.6248492,
          44.38667
        ]
      },
      "id": "node/3028275698"
    },
    {
      "type": "Feature",
      "properties": {
        "@id": "node/3066634480",
        "leisure": "sports_centre",
        "name": "Canyon Forest",
        "sport": "climbing_adventure",
        "website": "https://canyonforest.com/"
      },
      "geometry": {
        "type": "Point",
        "coordinates": [
          7.0999815,
          43.6726637
        ]
      },
      "id": "node/3066634480"
    },
    {
      "type": "Feature",
      "properties": {
        "@id": "node/3077865406",
        "leisure": "pitch",
        "name": "Parc d'aventures",
        "source": "data.gouv.fr:Le ministère des droits des femmes, de la ville, de la jeunesse et des sports - 2014",
        "sport": "climbing_adventure"
      },
      "geometry": {
        "type": "Point",
        "coordinates": [
          2.580849,
          50.4383033
        ]
      },
      "id": "node/3077865406"
    },
    {
      "type": "Feature",
      "properties": {
        "@id": "node/3137133330",
        "leisure": "sports_centre",
        "name": "Accrobranche Canopée Aventure",
        "source": "data.gouv.fr:Le ministère des droits des femmes, de la ville, de la jeunesse et des sports - 2014",
        "sport": "climbing_adventure",
        "website": "http://www.canopeeaventure.com"
      },
      "geometry": {
        "type": "Point",
        "coordinates": [
          3.2056526,
          49.3885274
        ]
      },
      "id": "node/3137133330"
    },
    {
      "type": "Feature",
      "properties": {
        "@id": "node/3163519274",
        "sport": "climbing_adventure"
      },
      "geometry": {
        "type": "Point",
        "coordinates": [
          5.5378473,
          46.6682522
        ]
      },
      "id": "node/3163519274"
    },
    {
      "type": "Feature",
      "properties": {
        "@id": "node/3362119625",
        "fixme": "survey",
        "name": "In Forest Nature et Aventure",
        "source": "data.gouv.fr:Le ministère des droits des femmes, de la ville, de la jeunesse et des sports - 2014",
        "sport": "climbing_adventure"
      },
      "geometry": {
        "type": "Point",
        "coordinates": [
          4.99276,
          47.42805
        ]
      },
      "id": "node/3362119625"
    },
    {
      "type": "Feature",
      "properties": {
        "@id": "node/3464092693",
        "leisure": "sports_centre",
        "name": "Lion's Parc",
        "sport": "climbing_adventure",
        "tourism": "attraction"
      },
      "geometry": {
        "type": "Point",
        "coordinates": [
          -60.8586217,
          14.5428077
        ]
      },
      "id": "node/3464092693"
    },
    {
      "type": "Feature",
      "properties": {
        "@id": "node/3501057837",
        "source": "survey 2014",
        "sport": "climbing_adventure"
      },
      "geometry": {
        "type": "Point",
        "coordinates": [
          3.6796244,
          44.5245447
        ]
      },
      "id": "node/3501057837"
    },
    {
      "type": "Feature",
      "properties": {
        "@id": "node/3501057841",
        "source": "survey 2014",
        "sport": "climbing_adventure"
      },
      "geometry": {
        "type": "Point",
        "coordinates": [
          3.680301,
          44.5249506
        ]
      },
      "id": "node/3501057841"
    },
    {
      "type": "Feature",
      "properties": {
        "@id": "node/3501057848",
        "min_age": "10",
        "source": "survey 2014",
        "sport": "climbing_adventure"
      },
      "geometry": {
        "type": "Point",
        "coordinates": [
          3.6802065,
          44.5250876
        ]
      },
      "id": "node/3501057848"
    },
    {
      "type": "Feature",
      "properties": {
        "@id": "node/3523388684",
        "email": "contact@parfumdaventure.com",
        "name": "Parc Parfum d'Aventure",
        "phone": "+33 4 66 60 65 75",
        "sport": "climbing_adventure",
        "tourism": "theme_park",
        "website": "https://parcparfumdaventure.com/"
      },
      "geometry": {
        "type": "Point",
        "coordinates": [
          3.9663546,
          44.0822869
        ]
      },
      "id": "node/3523388684"
    },
    {
      "type": "Feature",
      "properties": {
        "@id": "node/3623015376",
        "leisure": "pitch",
        "name": "Verdon Aventure",
        "opening_hours": "Jul-Aug Mo-Su 10:00-19:00",
        "phone": "+33 4 92 78 88 25",
        "sport": "climbing_adventure",
        "website": "https://verdon-aventure.com/"
      },
      "geometry": {
        "type": "Point",
        "coordinates": [
          5.8175768,
          43.7496399
        ]
      },
      "id": "node/3623015376"
    },
    {
      "type": "Feature",
      "properties": {
        "@id": "node/3623022468",
        "name": "Canyon Parc",
        "opening_hours": "Apr-Jun 09:30-17:00; Jul-Aug 09:00-17:00; Sep-Nov 09:30-17:00; Dec-Mar We 14:00-17:00; Sa-Su 09:30-17:00",
        "phone": "+33 6 75 22 39 89",
        "sport": "climbing_adventure",
        "website": "https://canyon-parc.fr/"
      },
      "geometry": {
        "type": "Point",
        "coordinates": [
          5.8996269,
          43.7686575
        ]
      },
      "id": "node/3623022468"
    },
    {
      "type": "Feature",
      "properties": {
        "@id": "node/3632095622",
        "fixme": "à déterminer",
        "name": "Blanzy Aventure",
        "source": "data.gouv.fr:Le ministère des droits des femmes, de la ville, de la jeunesse et des sports - 2014",
        "sport": "climbing_adventure"
      },
      "geometry": {
        "type": "Point",
        "coordinates": [
          4.39794,
          46.68468
        ]
      },
      "id": "node/3632095622"
    },
    {
      "type": "Feature",
      "properties": {
        "@id": "node/3638666686",
        "addr:city": "Carsac-Aillac",
        "addr:postcode": "24200",
        "contact:email": "monkeysforest.sarlat@gmail.com",
        "name": "Monkey's Forest",
        "opening_hours": "Apr-Nov 10:00-18:00; Jul-Aug 9:00-19:30",
        "payment:cash": "yes",
        "payment:cheque": "yes",
        "playground": "playhouse",
        "sport": "climbing_adventure",
        "tourism": "theme_park",
        "website": "https://www.monkeysforest-sarlat.fr/",
        "wheelchair": "no"
      },
      "geometry": {
        "type": "Point",
        "coordinates": [
          1.2742031,
          44.8660418
        ]
      },
      "id": "node/3638666686"
    },
    {
      "type": "Feature",
      "properties": {
        "@id": "node/3658423940",
        "addr:city": "Quelneuc",
        "addr:housenumber": "1",
        "addr:postcode": "56910",
        "addr:street": "Rue du Houx",
        "leisure": "sports_centre",
        "name": "Parc aventure R-Game",
        "phone": "+33299937100",
        "sport": "climbing_adventure",
        "website": "https://www.paintball-rgame.com/"
      },
      "geometry": {
        "type": "Point",
        "coordinates": [
          -2.0754189,
          47.8244683
        ]
      },
      "id": "node/3658423940"
    },
    {
      "type": "Feature",
      "properties": {
        "@id": "node/3685861998",
        "leisure": "sports_centre",
        "name": "Parc Ecureuil",
        "sport": "climbing_adventure",
        "website": "https://www.parcecureuil.com/"
      },
      "geometry": {
        "type": "Point",
        "coordinates": [
          3.0536843,
          45.9191175
        ]
      },
      "id": "node/3685861998"
    },
    {
      "type": "Feature",
      "properties": {
        "@id": "node/3698259136",
        "source": "data.gouv.fr:Le ministère des droits des femmes, de la ville, de la jeunesse et des sports - 2014",
        "sport": "climbing_adventure"
      },
      "geometry": {
        "type": "Point",
        "coordinates": [
          -0.36007,
          44.54812
        ]
      },
      "id": "node/3698259136"
    },
    {
      "type": "Feature",
      "properties": {
        "@id": "node/3707182710",
        "landuse": "recreation_ground",
        "name": "Accro Branches",
        "sport": "climbing_adventure"
      },
      "geometry": {
        "type": "Point",
        "coordinates": [
          2.3475099,
          43.4624159
        ]
      },
      "id": "node/3707182710"
    },
    {
      "type": "Feature",
      "properties": {
        "@id": "node/3781119366",
        "addr:city": "Bailly-Romainvilliers",
        "addr:housenumber": "1",
        "addr:postcode": "77700",
        "addr:street": "Rue du Pré des Merlans",
        "email": "contact@aventure-aventure.com",
        "fax": "+33160420844",
        "leisure": "sports_centre",
        "name": "Parcours Aventure",
        "opening_hours:url": "https://www.aventure-aventure.com/calendrier/",
        "phone": "+33971285090",
        "phone:mobile": "+33 6 88 62 26 37; +33 6 08 71 87 65",
        "source": "knowledge",
        "sport": "climbing_adventure",
        "website": "https://www.aventure-aventure.com/"
      },
      "geometry": {
        "type": "Point",
        "coordinates": [
          2.8059655,
          48.8302114
        ]
      },
      "id": "node/3781119366"
    },
    {
      "type": "Feature",
      "properties": {
        "@id": "node/3817362303",
        "leisure": "sports_centre",
        "name": "Accro Branche",
        "sport": "climbing_adventure"
      },
      "geometry": {
        "type": "Point",
        "coordinates": [
          1.1643196,
          45.4162326
        ]
      },
      "id": "node/3817362303"
    },
    {
      "type": "Feature",
      "properties": {
        "@id": "node/3825289786",
        "source": "data.gouv.fr:Le ministère des droits des femmes, de la ville, de la jeunesse et des sports - 2014",
        "sport": "climbing_adventure"
      },
      "geometry": {
        "type": "Point",
        "coordinates": [
          5.6328,
          43.4485
        ]
      },
      "id": "node/3825289786"
    },
    {
      "type": "Feature",
      "properties": {
        "@id": "node/3860762709",
        "description": "parcours aventure",
        "leisure": "sports_centre",
        "sport": "climbing_adventure"
      },
      "geometry": {
        "type": "Point",
        "coordinates": [
          2.1381905,
          44.0158564
        ]
      },
      "id": "node/3860762709"
    },
    {
      "type": "Feature",
      "properties": {
        "@id": "node/3866849902",
        "leisure": "sports_centre",
        "name": "Chateaubranche",
        "note": "fixme:merci de délimiter la zone",
        "sport": "climbing_adventure"
      },
      "geometry": {
        "type": "Point",
        "coordinates": [
          -1.1136028,
          45.8345947
        ]
      },
      "id": "node/3866849902"
    },
    {
      "type": "Feature",
      "properties": {
        "@id": "node/3992888442",
        "leisure": "sports_centre",
        "name": "Parcours Aventure Saint-Nizier-du-Moucherotte",
        "sport": "climbing_adventure"
      },
      "geometry": {
        "type": "Point",
        "coordinates": [
          5.6270123,
          45.1668043
        ]
      },
      "id": "node/3992888442"
    },
    {
      "type": "Feature",
      "properties": {
        "@id": "node/4081229166",
        "leisure": "pitch",
        "name": "AcroFort de Tamié",
        "sport": "climbing_adventure",
        "website": "https://www.fort-de-tamie.com/"
      },
      "geometry": {
        "type": "Point",
        "coordinates": [
          6.3130326,
          45.6722096
        ]
      },
      "id": "node/4081229166"
    },
    {
      "type": "Feature",
      "properties": {
        "@id": "node/4154097989",
        "leisure": "sports_centre",
        "name": "Adrenature",
        "sport": "climbing_adventure"
      },
      "geometry": {
        "type": "Point",
        "coordinates": [
          -3.8176542,
          47.9042887
        ]
      },
      "id": "node/4154097989"
    },
    {
      "type": "Feature",
      "properties": {
        "@id": "node/4295953065",
        "mobile": "+33 7 81 90 03 57",
        "name": "Form Aventures",
        "sport": "climbing_adventure",
        "tourism": "theme_park",
        "website": "https://www.formaventures.com/"
      },
      "geometry": {
        "type": "Point",
        "coordinates": [
          7.0475758,
          47.9861517
        ]
      },
      "id": "node/4295953065"
    },
    {
      "type": "Feature",
      "properties": {
        "@id": "node/4298116143",
        "fee": "yes",
        "leisure": "sports_centre",
        "name": "Lac des Graves",
        "source": "data.gouv.fr:Le ministère des droits des femmes, de la ville, de la jeunesse et des sports - 11/2015",
        "sport": "climbing_adventure"
      },
      "geometry": {
        "type": "Point",
        "coordinates": [
          2.5584525,
          45.0148355
        ]
      },
      "id": "node/4298116143"
    },
    {
      "type": "Feature",
      "properties": {
        "@id": "node/4298823978",
        "leisure": "sports_centre",
        "source": "data.gouv.fr:Le ministère des droits des femmes, de la ville, de la jeunesse et des sports - 11/2015",
        "sport": "climbing_adventure"
      },
      "geometry": {
        "type": "Point",
        "coordinates": [
          2.18933,
          42.86363
        ]
      },
      "id": "node/4298823978"
    },
    {
      "type": "Feature",
      "properties": {
        "@id": "node/4309747742",
        "description": "Parcours acrobatique en hauteur (accrobranche)",
        "description:en": "Adventure park (in trees)",
        "leisure": "sports_centre",
        "name": "Belle-Île Aventure",
        "sport": "climbing_adventure"
      },
      "geometry": {
        "type": "Point",
        "coordinates": [
          -3.1909463,
          47.3478119
        ]
      },
      "id": "node/4309747742"
    },
    {
      "type": "Feature",
      "properties": {
        "@id": "node/4312252421",
        "email": "aventuredelabresse@gmail.com",
        "name": "Aventure de la Bresse",
        "phone": "+33 644818841",
        "sport": "climbing_adventure",
        "tourism": "theme_park",
        "website": "https://www.aventuredelabresse.com/",
        "wheelchair": "no"
      },
      "geometry": {
        "type": "Point",
        "coordinates": [
          5.2932171,
          46.293943
        ]
      },
      "id": "node/4312252421"
    },
    {
      "type": "Feature",
      "properties": {
        "@id": "node/4320667589",
        "addr:city": "Laroque",
        "addr:postcode": "33410",
        "name": "Lac aux branches",
        "phone": "+33 6 44 18 38 05",
        "sport": "climbing_adventure",
        "tourism": "attraction",
        "website": "http://www.lacauxbranches.fr/"
      },
      "geometry": {
        "type": "Point",
        "coordinates": [
          -0.2950532,
          44.6626917
        ]
      },
      "id": "node/4320667589"
    },
    {
      "type": "Feature",
      "properties": {
        "@id": "node/4337326854",
        "leisure": "sports_centre",
        "name": "Accrobranche des pierres jaumâtres",
        "opening_hours": "Apr-Sep 10:00-19:00",
        "sport": "climbing_adventure",
        "website": "https://lespierresjaumatres.fr/parc-de-loisirs/",
        "wheelchair": "no"
      },
      "geometry": {
        "type": "Point",
        "coordinates": [
          2.2301429,
          46.3099011
        ]
      },
      "id": "node/4337326854"
    },
    {
      "type": "Feature",
      "properties": {
        "@id": "node/4348441383",
        "name": "Akrobranch d'Orlu",
        "sport": "climbing_adventure",
        "tourism": "theme_park"
      },
      "geometry": {
        "type": "Point",
        "coordinates": [
          1.9180895,
          42.6866266
        ]
      },
      "id": "node/4348441383"
    },
    {
      "type": "Feature",
      "properties": {
        "@id": "node/4354214790",
        "leisure": "pitch",
        "name": "Accro'lac",
        "sport": "climbing_adventure"
      },
      "geometry": {
        "type": "Point",
        "coordinates": [
          5.7899319,
          45.55431
        ]
      },
      "id": "node/4354214790"
    },
    {
      "type": "Feature",
      "properties": {
        "@id": "node/4356301698",
        "name": "Accrobranches Le Bois",
        "opening_hours": "Tu-Su 13:00-19:00",
        "sport": "climbing_adventure",
        "tourism": "attraction",
        "website": "https://www.lebois-orne.fr/"
      },
      "geometry": {
        "type": "Point",
        "coordinates": [
          -0.4094248,
          48.5583241
        ]
      },
      "id": "node/4356301698"
    },
    {
      "type": "Feature",
      "properties": {
        "@id": "node/4359340917",
        "fee": "yes",
        "landuse": "recreation_ground",
        "leisure": "sports_centre",
        "name": "Cimes Aventures",
        "sport": "climbing_adventure"
      },
      "geometry": {
        "type": "Point",
        "coordinates": [
          5.0011877,
          45.5419179
        ]
      },
      "id": "node/4359340917"
    },
    {
      "type": "Feature",
      "properties": {
        "@id": "node/4393440709",
        "leisure": "sports_centre",
        "name": "Parcours d'Aventure du Haut-Beaujolais",
        "operator": "Aventures Concept",
        "sport": "climbing_adventure"
      },
      "geometry": {
        "type": "Point",
        "coordinates": [
          4.5991887,
          46.1962247
        ]
      },
      "id": "node/4393440709"
    },
    {
      "type": "Feature",
      "properties": {
        "@id": "node/4398580917",
        "sport": "climbing_adventure"
      },
      "geometry": {
        "type": "Point",
        "coordinates": [
          1.0999308,
          44.8245383
        ]
      },
      "id": "node/4398580917"
    },
    {
      "type": "Feature",
      "properties": {
        "@id": "node/4403880667",
        "source": "BDOrtho IGN; Cadastre MàJ 2015",
        "sport": "climbing_adventure"
      },
      "geometry": {
        "type": "Point",
        "coordinates": [
          0.0682235,
          44.292321
        ]
      },
      "id": "node/4403880667"
    },
    {
      "type": "Feature",
      "properties": {
        "@id": "node/4426278253",
        "closed:leisure": "sports_centre",
        "fee": "yes",
        "name": "France Aventures",
        "note": "Site fermé par arrêté du 27/02/2024 pour plusieurs années en raison des risques pour la sécurité liés à la fragilité des arbres.",
        "sport": "climbing_adventure",
        "website": "https://www.france-aventures.com/lyon-parc-loisirs-fourviere/"
      },
      "geometry": {
        "type": "Point",
        "coordinates": [
          4.8157004,
          45.7632026
        ]
      },
      "id": "node/4426278253"
    },
    {
      "type": "Feature",
      "properties": {
        "@id": "node/4485588054",
        "leisure": "pitch",
        "name": "Défi Nature",
        "sport": "climbing_adventure"
      },
      "geometry": {
        "type": "Point",
        "coordinates": [
          -1.951874,
          47.2359809
        ]
      },
      "id": "node/4485588054"
    },
    {
      "type": "Feature",
      "properties": {
        "@id": "node/4528411232",
        "addr:city": "Bollène",
        "addr:postcode": "84500",
        "addr:street": "Route de l'embisque",
        "climbing": "sport",
        "fee": "yes",
        "leisure": "sports_centre",
        "name": "Bollène Aventure",
        "outdoor": "yes",
        "phone": "+33 4 90 11 06 69",
        "sport": "climbing_adventure",
        "website": "https://www.bolleneaventure.com/"
      },
      "geometry": {
        "type": "Point",
        "coordinates": [
          4.7869411,
          44.294022
        ]
      },
      "id": "node/4528411232"
    },
    {
      "type": "Feature",
      "properties": {
        "@id": "node/4575453108",
        "addr:city": "Cierp-Gaud",
        "addr:postcode": "31440",
        "addr:street": "Avenue de Rouziet",
        "image": "https://www.pyrenees-ho.com/wp-content/uploads/plan-scaled.jpg",
        "leisure": "sports_centre",
        "name": "Pyrénées Hô",
        "phone": "+33 5 61 94 08 36",
        "sport": "climbing_adventure",
        "website": "https://www.pyrenees-ho.com/"
      },
      "geometry": {
        "type": "Point",
        "coordinates": [
          0.6496633,
          42.9304032
        ]
      },
      "id": "node/4575453108"
    },
    {
      "type": "Feature",
      "properties": {
        "@id": "node/4580240130",
        "name": "L’Accro-Mâts",
        "sport": "climbing_adventure",
        "tourism": "attraction",
        "wheelchair": "no"
      },
      "geometry": {
        "type": "Point",
        "coordinates": [
          -0.9572707,
          45.9357924
        ]
      },
      "id": "node/4580240130"
    },
    {
      "type": "Feature",
      "properties": {
        "@id": "node/4609311792",
        "fixme": "Positionner le noeud sur le bâtiment de l'accueil",
        "name": "T en Leyre",
        "sport": "climbing_adventure",
        "website": "https://parcours-acrobatique-t-en-leyre.fr/"
      },
      "geometry": {
        "type": "Point",
        "coordinates": [
          -0.9440238,
          44.6050836
        ]
      },
      "id": "node/4609311792"
    },
    {
      "type": "Feature",
      "properties": {
        "@id": "node/4625454076",
        "leisure": "sports_centre",
        "name": "Accro' Terrasses",
        "operator": "Les Jardins en Terrasses",
        "sport": "climbing_adventure",
        "website": "http://www.jardinsenterrasses.fr/accroterrasses.html"
      },
      "geometry": {
        "type": "Point",
        "coordinates": [
          6.4641902,
          47.9657184
        ]
      },
      "id": "node/4625454076"
    },
    {
      "type": "Feature",
      "properties": {
        "@id": "node/4625457623",
        "leisure": "sports_centre",
        "name": "Accro' Terrasses",
        "source": "Mairie de Plombières-les-Bains",
        "sport": "climbing_adventure"
      },
      "geometry": {
        "type": "Point",
        "coordinates": [
          6.4663883,
          47.9657597
        ]
      },
      "id": "node/4625457623"
    },
    {
      "type": "Feature",
      "properties": {
        "@id": "node/4668498577",
        "contact:facebook": "Grimpe-et-Cimes-172089189501385",
        "contact:website": "http://www.lacdepareloup.fr/",
        "leisure": "sports_centre",
        "name": "Grimpe et Cimes",
        "source": "knowlage",
        "sport": "climbing_adventure"
      },
      "geometry": {
        "type": "Point",
        "coordinates": [
          2.7789244,
          44.2034308
        ]
      },
      "id": "node/4668498577"
    },
    {
      "type": "Feature",
      "properties": {
        "@id": "node/4698793387",
        "covered": "no",
        "description": "Parcours aventure en forêt",
        "fee": "yes",
        "indoor": "no",
        "landuse": "recreation_ground",
        "leisure": "pitch",
        "lit": "no",
        "name": "Pastré Aventure",
        "sport": "climbing_adventure",
        "surface": "dirt",
        "website": "https://www.pastreaventure.com"
      },
      "geometry": {
        "type": "Point",
        "coordinates": [
          5.3680544,
          43.2393968
        ]
      },
      "id": "node/4698793387"
    },
    {
      "type": "Feature",
      "properties": {
        "@id": "node/4745018068",
        "contact:phone": "+33 6 59906086",
        "contact:website": "http://www.flayosc.fr/tourisme/flayforest-parc-aventure-flayosc/",
        "description": "Ouverture du 1er Juin au 15 Septembre Vacances scolaire de la Toussaint et de Pâques",
        "fee": "yes",
        "leisure": "recreation_ground",
        "name": "Flay'Forest Parc Aventure",
        "opening_hours": "Jun-Sep 09:30-19:00",
        "sport": "climbing_adventure"
      },
      "geometry": {
        "type": "Point",
        "coordinates": [
          6.4064407,
          43.5277345
        ]
      },
      "id": "node/4745018068"
    },
    {
      "type": "Feature",
      "properties": {
        "@id": "node/4890559788",
        "description": "Accrobranche, paintball, bubble foot, tir à l’arc",
        "email": "contact@parc-evasion.com",
        "mobile": "+33 6 87 87 50 42",
        "name": "Parc Évasion Curley",
        "opening_hours": "Mo-Su 10:00-19:00",
        "ref:FR:SIRET": "49320414300033",
        "sport": "climbing_adventure",
        "tourism": "theme_park",
        "website": "https://www.parc-evasion.com/curley/"
      },
      "geometry": {
        "type": "Point",
        "coordinates": [
          4.9176693,
          47.2077401
        ]
      },
      "id": "node/4890559788"
    },
    {
      "type": "Feature",
      "properties": {
        "@id": "node/4924038226",
        "contact:website": "https://portauxcerises.iledeloisirs.fr",
        "leisure": "sports_centre",
        "name": "Accro des arbres",
        "opening_hours": "We, Sa, Su 13:30-17:00; Jul-Aug: Mo-Su 13:30-17:30",
        "sport": "climbing_adventure",
        "wheelchair": "yes"
      },
      "geometry": {
        "type": "Point",
        "coordinates": [
          2.4081282,
          48.6936388
        ]
      },
      "id": "node/4924038226"
    },
    {
      "type": "Feature",
      "properties": {
        "@id": "node/4965601279",
        "leisure": "sports_centre",
        "name": "Accrobranche",
        "sport": "climbing_adventure"
      },
      "geometry": {
        "type": "Point",
        "coordinates": [
          4.3831748,
          43.997897
        ]
      },
      "id": "node/4965601279"
    },
    {
      "type": "Feature",
      "properties": {
        "@id": "node/5000387722",
        "leisure": "sports_centre",
        "name": "Opalaventure",
        "sport": "climbing_adventure",
        "website": "https://www.opalaventure.com/"
      },
      "geometry": {
        "type": "Point",
        "coordinates": [
          1.5937889,
          50.5693041
        ]
      },
      "id": "node/5000387722"
    },
    {
      "type": "Feature",
      "properties": {
        "@id": "node/5016353256",
        "sport": "climbing_adventure",
        "tourism": "yes"
      },
      "geometry": {
        "type": "Point",
        "coordinates": [
          5.7681939,
          46.6477495
        ]
      },
      "id": "node/5016353256"
    },
    {
      "type": "Feature",
      "properties": {
        "@id": "node/5016654323",
        "addr:street": "Le Bois des Ussiaux",
        "leisure": "sports_centre",
        "name": "Acrobois Romans",
        "operator": "SAS Acrobois II",
        "sport": "climbing_adventure",
        "website": "https://romans.les-acrobois.fr/"
      },
      "geometry": {
        "type": "Point",
        "coordinates": [
          5.0147051,
          45.1065673
        ]
      },
      "id": "node/5016654323"
    },
    {
      "type": "Feature",
      "properties": {
        "@id": "node/5041083983",
        "description": "Les horaires enregistrés sont généraux : pour les vacances scolaires, jours fériés et mois de mars & novembre voir le site web",
        "leisure": "sports_centre",
        "name": "VanciAventure",
        "opening_hours": "Jul-Aug 10:00-19:00; Jun,Sep We 13:00-19:00; Jun,Sep Sa,Su 10:00-19:00; May,Oct We-Su 13:00-19:00; May,Oct Th,Fr off",
        "operator": "SARL VanciAventure",
        "phone": "+33 6 58934876",
        "sport": "climbing_adventure",
        "website": "https://www.vanciaventure.com/"
      },
      "geometry": {
        "type": "Point",
        "coordinates": [
          4.9064664,
          45.8381404
        ]
      },
      "id": "node/5041083983"
    },
    {
      "type": "Feature",
      "properties": {
        "@id": "node/5055550721",
        "addr:city": "Puget-sur-Argens",
        "addr:housenumber": "505",
        "addr:postcode": "83480",
        "addr:street": "Chem. des Vernèdes",
        "fee": "yes",
        "leisure": "sports_centre",
        "name": "Parc oxygène évasion",
        "name:fr": "Parc oxygène évasion",
        "opening_hours": "Mi,Sa,Su 10:00-18:30",
        "phone": "+33 6 46 09 24 03",
        "sport": "climbing_adventure",
        "website": "https://oxygeneevasion.fr"
      },
      "geometry": {
        "type": "Point",
        "coordinates": [
          6.7003714,
          43.4559988
        ]
      },
      "id": "node/5055550721"
    },
    {
      "type": "Feature",
      "properties": {
        "@id": "node/5196796721",
        "leisure": "sports_centre",
        "name": "Fort Boyard",
        "ref:FR:SIRET": "82101230900018",
        "source:ref:FR:SIRET": "INSEE - 06/2019",
        "sport": "climbing_adventure",
        "was:amenity": "studio",
        "was:name": "L'usine à musique",
        "website": "https://www.fortboyardaventures.fr/toulouse"
      },
      "geometry": {
        "type": "Point",
        "coordinates": [
          1.4133793,
          43.6313928
        ]
      },
      "id": "node/5196796721"
    },
    {
      "type": "Feature",
      "properties": {
        "@id": "node/5259949409",
        "leisure": "sports_centre",
        "level": "0",
        "name": "Hapik",
        "sport": "climbing_adventure"
      },
      "geometry": {
        "type": "Point",
        "coordinates": [
          -1.6964402,
          48.1370871
        ]
      },
      "id": "node/5259949409"
    },
    {
      "type": "Feature",
      "properties": {
        "@id": "node/5261287872",
        "leisure": "sports_centre",
        "name": "Parc Aventure La Palmyre",
        "opening_hours": "Apr-Oct Mo-Su 09:00-18:00",
        "phone": "+33 6 17 66 77 42",
        "source": "data.gouv.fr:Le ministère des droits des femmes, de la ville, de la jeunesse et des sports - 11/2015",
        "sport": "climbing_adventure",
        "surface": "sand",
        "website": "https://www.17aventures.com/"
      },
      "geometry": {
        "type": "Point",
        "coordinates": [
          -1.18067,
          45.68804
        ]
      },
      "id": "node/5261287872"
    },
    {
      "type": "Feature",
      "properties": {
        "@id": "node/5434779804",
        "leisure": "sports_centre",
        "name": "No Limit Aventure",
        "phone": "+33 6 07 60 73 72",
        "sport": "climbing_adventure",
        "website": "http://nolimit-aventure.com/chevry-cossigny/"
      },
      "geometry": {
        "type": "Point",
        "coordinates": [
          2.6885208,
          48.7322069
        ]
      },
      "id": "node/5434779804"
    },
    {
      "type": "Feature",
      "properties": {
        "@id": "node/5485943621",
        "check_date": "2025-08-05",
        "contact:facebook": "LeTapeur",
        "contact:instagram": "letapeurgp",
        "email": "contact@letapeur.fr",
        "fee": "yes",
        "leisure": "sports_centre",
        "name": "Le Tapeur",
        "opening_hours": "09:00-14:30",
        "payment:cash": "yes",
        "payment:credit_cards": "yes",
        "payment:debit_cards": "yes",
        "phone": "+590 690 44 17 51",
        "sport": "climbing_adventure",
        "website": "https://www.letapeur.fr/"
      },
      "geometry": {
        "type": "Point",
        "coordinates": [
          -61.7519142,
          16.1802819
        ]
      },
      "id": "node/5485943621"
    },
    {
      "type": "Feature",
      "properties": {
        "@id": "node/5595974606",
        "leisure": "sports_centre",
        "name": "Aux Cimes de Bécajat",
        "phone": "+33 6 32 79 36 90",
        "sport": "climbing_adventure",
        "surface": "wood",
        "website": "https://cimes-aventure.fr/"
      },
      "geometry": {
        "type": "Point",
        "coordinates": [
          3.8328226,
          46.0966266
        ]
      },
      "id": "node/5595974606"
    },
    {
      "type": "Feature",
      "properties": {
        "@id": "node/5603111241",
        "leisure": "sports_centre",
        "name": "Branché Aventure",
        "opening_hours": "Mo-Su 10:00-18:00",
        "phone": "+33 6 60 15 27 91",
        "sport": "climbing_adventure",
        "website": "https://www.lacdesidiailles.com/FR/Branche-aventure-le-Parcours-aventure-cest-quoi.awp",
        "wheelchair": "no"
      },
      "geometry": {
        "type": "Point",
        "coordinates": [
          2.3305821,
          46.5004085
        ]
      },
      "id": "node/5603111241"
    },
    {
      "type": "Feature",
      "properties": {
        "@id": "node/5613496074",
        "landuse": "recreation_ground",
        "leisure": "sports_centre",
        "name": "Cornille Aventure",
        "operator": "cornille-aventure",
        "sport": "climbing_adventure",
        "website": "https://www.accrobranche-dordogne.com/"
      },
      "geometry": {
        "type": "Point",
        "coordinates": [
          0.783045,
          45.2366201
        ]
      },
      "id": "node/5613496074"
    },
    {
      "type": "Feature",
      "properties": {
        "@id": "node/5615412565",
        "contact:website": "https://www.plateaudyzeron.com/",
        "leisure": "sports_centre",
        "name": "Accrobranche Plateau d'Yzeron",
        "sport": "climbing_adventure",
        "wheelchair": "no"
      },
      "geometry": {
        "type": "Point",
        "coordinates": [
          4.5792355,
          45.7043209
        ]
      },
      "id": "node/5615412565"
    },
    {
      "type": "Feature",
      "properties": {
        "@id": "node/5616465525",
        "addr:street": "Avenue du Lac",
        "leisure": "sports_centre",
        "name": "Gadawi Park sud",
        "phone": "+33 7 81 48 82 39",
        "sport": "climbing_adventure",
        "website": "https://www.gadawi-park.fr/"
      },
      "geometry": {
        "type": "Point",
        "coordinates": [
          0.6417483,
          47.3485284
        ]
      },
      "id": "node/5616465525"
    },
    {
      "type": "Feature",
      "properties": {
        "@id": "node/5632256640",
        "addr:city": "Saran",
        "addr:postcode": "45770",
        "leisure": "sports_centre",
        "name": "Hapik",
        "phone": "+33 238420182",
        "ref:FR:SIRET": "81917199200210",
        "source": "survey",
        "sport": "climbing_adventure",
        "website": "https://hapik.fr"
      },
      "geometry": {
        "type": "Point",
        "coordinates": [
          1.8814722,
          47.9625515
        ]
      },
      "id": "node/5632256640"
    },
    {
      "type": "Feature",
      "properties": {
        "@id": "node/5761383267",
        "access": "customers",
        "leisure": "pitch",
        "sport": "climbing_adventure"
      },
      "geometry": {
        "type": "Point",
        "coordinates": [
          2.7439726,
          49.3242638
        ]
      },
      "id": "node/5761383267"
    },
    {
      "type": "Feature",
      "properties": {
        "@id": "node/5769986253",
        "access": "private",
        "shop": "ticket",
        "sport": "climbing_adventure"
      },
      "geometry": {
        "type": "Point",
        "coordinates": [
          6.1020041,
          45.6081909
        ]
      },
      "id": "node/5769986253"
    },
    {
      "type": "Feature",
      "properties": {
        "@id": "node/5773554580",
        "leisure": "sports_centre",
        "name": "Acrobastille",
        "sport": "climbing_adventure",
        "website": "https://acrobastille.fr/"
      },
      "geometry": {
        "type": "Point",
        "coordinates": [
          5.7254308,
          45.1989672
        ]
      },
      "id": "node/5773554580"
    },
    {
      "type": "Feature",
      "properties": {
        "@id": "node/5802964754",
        "leisure": "sports_centre",
        "name": "Mont Dore Aventures",
        "sport": "climbing_adventure",
        "website": "https://www.montdoreaventures.com/"
      },
      "geometry": {
        "type": "Point",
        "coordinates": [
          2.8024591,
          45.5688625
        ]
      },
      "id": "node/5802964754"
    },
    {
      "type": "Feature",
      "properties": {
        "@id": "node/5804315971",
        "leisure": "sports_centre",
        "name": "Serre Ponçon Aventure",
        "sport": "climbing_adventure",
        "website": "https://www.serre-poncon-aventure.com/"
      },
      "geometry": {
        "type": "Point",
        "coordinates": [
          6.3249958,
          44.5283557
        ]
      },
      "id": "node/5804315971"
    },
    {
      "type": "Feature",
      "properties": {
        "@id": "node/5915571346",
        "addr:city": "Lille",
        "addr:postcode": "59000",
        "addr:street": "Allée Paul Vallon",
        "contact:email": "contact@accro-lille.fr",
        "contact:facebook": "https://www.facebook.com/accrolille/",
        "contact:phone": "+33 9 72 33 00 16",
        "contact:website": "https://www.accro-lille.fr/accueil/",
        "leisure": "sports_centre",
        "name": "Accro Lille",
        "sport": "climbing_adventure"
      },
      "geometry": {
        "type": "Point",
        "coordinates": [
          3.0453313,
          50.6446996
        ]
      },
      "id": "node/5915571346"
    },
    {
      "type": "Feature",
      "properties": {
        "@id": "node/5977908529",
        "addr:postcode": "13350",
        "addr:street": "Avenue du Bois",
        "email": "infos@royaume-des-arbres.com",
        "leisure": "pitch",
        "name": "Le Royaume des Arbres",
        "opening_hours": "Mo-Su 10:00-18:00",
        "phone": "+33 4 42632676",
        "sport": "climbing_adventure",
        "website": "https://www.royaume-des-arbres.com/"
      },
      "geometry": {
        "type": "Point",
        "coordinates": [
          5.2486946,
          43.7138293
        ]
      },
      "id": "node/5977908529"
    },
    {
      "type": "Feature",
      "properties": {
        "@id": "node/6019611178",
        "leisure": "playground",
        "sport": "climbing_adventure"
      },
      "geometry": {
        "type": "Point",
        "coordinates": [
          5.8992529,
          43.7693603
        ]
      },
      "id": "node/6019611178"
    },
    {
      "type": "Feature",
      "properties": {
        "@id": "node/6123616439",
        "name": "Accrobranche du Haut de Mon Arbre",
        "source": "data.gouv.fr:Le ministère des droits des femmes, de la ville, de la jeunesse et des sports - 11/2015",
        "sport": "climbing_adventure"
      },
      "geometry": {
        "type": "Point",
        "coordinates": [
          -0.60271,
          42.97259
        ]
      },
      "id": "node/6123616439"
    },
    {
      "type": "Feature",
      "properties": {
        "@id": "node/6190353103",
        "leisure": "sports_centre",
        "name": "Jas sport",
        "sport": "climbing_adventure"
      },
      "geometry": {
        "type": "Point",
        "coordinates": [
          4.3141974,
          45.7521796
        ]
      },
      "id": "node/6190353103"
    },
    {
      "type": "Feature",
      "properties": {
        "@id": "node/6281630150",
        "leisure": "sports_centre",
        "name": "Commando Games",
        "sport": "climbing_adventure"
      },
      "geometry": {
        "type": "Point",
        "coordinates": [
          6.0592115,
          46.4827443
        ]
      },
      "id": "node/6281630150"
    },
    {
      "type": "Feature",
      "properties": {
        "@id": "node/6380022623",
        "contact:email": "resa@tikiparcmoorea.com",
        "contact:facebook": "https://m.facebook.com/tikiparcmoorea",
        "leisure": "sports_centre",
        "name": "Tiki Parc",
        "name:en": "Tiki Park",
        "note": "\"Adventure Park\", \"Ropes Courses\", \"Climbing Adventure\", \"Zip-line\", or \"Treetop Adventure\"",
        "opening_hours": "Mo-Sa 09:00-14:00",
        "phone": "+68989400039",
        "sport": "climbing_adventure",
        "website": "https://tikiparcmoorea.com"
      },
      "geometry": {
        "type": "Point",
        "coordinates": [
          -149.8326704,
          -17.5283049
        ]
      },
      "id": "node/6380022623"
    },
    {
      "type": "Feature",
      "properties": {
        "@id": "node/6420648285",
        "addr:city": "Saint-Germain-en-Laye",
        "addr:housenumber": "48",
        "addr:postcode": "78100",
        "addr:street": "Parc Forestier de la Charmeraie, Rue Albert Priolet",
        "fee": "yes",
        "leisure": "sports_centre",
        "name": "Accrocamp Saint germain en Laye",
        "opening_hours": "Mo-Su 10:00-17:00",
        "operator": "Accrocamp",
        "operator:type": "business",
        "payment:cash": "yes",
        "payment:mastercard": "yes",
        "payment:visa": "yes",
        "sport": "climbing_adventure",
        "website": "https://www.accrocamp.com/parcs/saint-germain-en-laye/"
      },
      "geometry": {
        "type": "Point",
        "coordinates": [
          2.0746485,
          48.9046893
        ]
      },
      "id": "node/6420648285"
    },
    {
      "type": "Feature",
      "properties": {
        "@id": "node/6502603131",
        "contact:email": "acropoleaventure@neuf.fr",
        "contact:mobile": "+33 6 88 44 05 06",
        "contact:phone": "+33 4 75 52 21 19",
        "leisure": "sports_centre",
        "name": "Acro Pôle Aventure",
        "ref:FR:SIRET": "48164971300015",
        "sport": "climbing_adventure",
        "website": "https://www.acropoleaventure.com/"
      },
      "geometry": {
        "type": "Point",
        "coordinates": [
          5.0849158,
          44.5507423
        ]
      },
      "id": "node/6502603131"
    },
    {
      "type": "Feature",
      "properties": {
        "@id": "node/6521760291",
        "leisure": "sports_centre",
        "name": "Acrobranche Angiens",
        "opening_hours": "Jul-Aug 14:00-20:00; Apr-Jun,Sep-Oct Sa-Su,We,SH 14:00-19:00",
        "sport": "climbing_adventure",
        "website": "https://angiensaccrobranche.wixsite.com/"
      },
      "geometry": {
        "type": "Point",
        "coordinates": [
          0.8092331,
          49.8317276
        ]
      },
      "id": "node/6521760291"
    },
    {
      "type": "Feature",
      "properties": {
        "@id": "node/6553610785",
        "addr:city": "Le Havre",
        "addr:postcode": "76610",
        "addr:street": "Au bout de l'avenue Raoul Mail",
        "email": "contact@lhaventures.fr",
        "fee": "yes",
        "leisure": "sports_centre",
        "name": "Accrobranche de Montgeon",
        "payment:cash": "yes",
        "payment:cheque": "yes",
        "payment:cheques_vacances": "yes",
        "payment:credit_cards": "yes",
        "phone": "+33 2 35 21 26 22",
        "sport": "climbing_adventure",
        "website": "https://www.lhaventures.fr/"
      },
      "geometry": {
        "type": "Point",
        "coordinates": [
          0.1474803,
          49.5158626
        ]
      },
      "id": "node/6553610785"
    },
    {
      "type": "Feature",
      "properties": {
        "@id": "node/6564986238",
        "email": "contact@yaplukapark.fr",
        "leisure": "sports_centre",
        "name": "Yapluka Park",
        "phone": "+33 6 75 10 91 70",
        "sport": "climbing_adventure",
        "website": "https://www.yaplukapark.fr/"
      },
      "geometry": {
        "type": "Point",
        "coordinates": [
          5.2990031,
          45.5948364
        ]
      },
      "id": "node/6564986238"
    },
    {
      "type": "Feature",
      "properties": {
        "@id": "node/6583261417",
        "description:en": "Adventure park with climbing routes in tree tops.",
        "leisure": "sports_centre",
        "name": "G-Aventura Accrobranche",
        "sport": "climbing_adventure",
        "website": "https://www.g-aventura.corsica",
        "wheelchair": "no"
      },
      "geometry": {
        "type": "Point",
        "coordinates": [
          9.3189617,
          41.8349619
        ]
      },
      "id": "node/6583261417"
    },
    {
      "type": "Feature",
      "properties": {
        "@id": "node/6596305076",
        "leisure": "sports_centre",
        "name": "Forez Aventures",
        "sport": "climbing_adventure",
        "website": "https://www.forezaventures.fr/"
      },
      "geometry": {
        "type": "Point",
        "coordinates": [
          4.2500223,
          45.5069345
        ]
      },
      "id": "node/6596305076"
    },
    {
      "type": "Feature",
      "properties": {
        "@id": "node/6631857733",
        "contact:facebook": "https://www.facebook.com/profile.php?id=100066351794881",
        "email": "contact@funambulle.com",
        "leisure": "pitch",
        "min_age": "3",
        "mobile": "+33 6 32 78 08 62",
        "name": "Parc Aventure Funambulle",
        "payment:credit_cards": "no",
        "ref:FR:SIRET": "83505628400028",
        "sport": "climbing_adventure",
        "toilets": "yes",
        "website": "https://www.funambulle.com/"
      },
      "geometry": {
        "type": "Point",
        "coordinates": [
          6.1162944,
          47.1021408
        ]
      },
      "id": "node/6631857733"
    },
    {
      "type": "Feature",
      "properties": {
        "@id": "node/6631890189",
        "leisure": "sports_centre",
        "name": "Franois Parc Aventure",
        "sport": "climbing_adventure",
        "website": "https://accrobranche-parc-aventure-franois.com/franois/"
      },
      "geometry": {
        "type": "Point",
        "coordinates": [
          5.9250994,
          47.2260415
        ]
      },
      "id": "node/6631890189"
    },
    {
      "type": "Feature",
      "properties": {
        "@id": "node/6717165406",
        "leisure": "sports_centre",
        "name": "Parc Accrobatique Forestier du Lac d'Aignan",
        "sport": "climbing_adventure",
        "website": "https://www.parc-aventure-32.fr/",
        "wheelchair": "no"
      },
      "geometry": {
        "type": "Point",
        "coordinates": [
          0.0734402,
          43.7227942
        ]
      },
      "id": "node/6717165406"
    },
    {
      "type": "Feature",
      "properties": {
        "@id": "node/6749489956",
        "name": "Oyoxygene",
        "sport": "climbing_adventure",
        "website": "https://oyoxygene.com"
      },
      "geometry": {
        "type": "Point",
        "coordinates": [
          5.7034767,
          46.24213
        ]
      },
      "id": "node/6749489956"
    },
    {
      "type": "Feature",
      "properties": {
        "@id": "node/6765168968",
        "email": "leboisdesplumes@orange.fr",
        "fee": "yes",
        "leisure": "sports_centre",
        "name": "Le Bois des Plumes",
        "opening_hours": "Jul 01-08 13:00-18:00; Jul 09-Aug 31 10:30-18:30",
        "phone": "+33 6 33 46 50 77",
        "sport": "climbing_adventure",
        "website": "https://www.leboisdesplumes.com/"
      },
      "geometry": {
        "type": "Point",
        "coordinates": [
          3.8814047,
          44.1008714
        ]
      },
      "id": "node/6765168968"
    },
    {
      "type": "Feature",
      "properties": {
        "@id": "node/6766023391",
        "leisure": "sport",
        "name": "Acroroche Aventure",
        "opening_hours": "Apr 13-May 05,May 30-31,Oct 21-Nov 03 14:00-17:00; May 11-26,Oct 01-20 Sa,Su 14:00-17:00; Jun,Sep Sa,Su 14:00-18:00; Jul-Aug 10:00-18:00",
        "phone": "+33 6 08 42 41 44",
        "sport": "climbing_adventure",
        "website": "http://www.jardinfantastique.net/"
      },
      "geometry": {
        "type": "Point",
        "coordinates": [
          5.5936879,
          46.6234023
        ]
      },
      "id": "node/6766023391"
    },
    {
      "type": "Feature",
      "properties": {
        "@id": "node/6819989303",
        "contact:city": "Amiens",
        "contact:housenumber": "25",
        "contact:phone": "+33 3 22 67 55 28",
        "contact:postcode": "80080",
        "contact:street": "Rue le Tintoret",
        "contact:website": "https://golandpark.business.site/",
        "fee": "yes",
        "leisure": "sports_centre",
        "name": "Go land park",
        "opening_hours": "We,Su 10:00-12:30,13:30-18:00; Sa 10:00-12:30,13:30-18:45",
        "sport": "climbing_adventure"
      },
      "geometry": {
        "type": "Point",
        "coordinates": [
          2.2996469,
          49.925475
        ]
      },
      "id": "node/6819989303"
    },
    {
      "type": "Feature",
      "properties": {
        "@id": "node/6834177898",
        "leisure": "sports_centre",
        "name": "Accrocamp",
        "sport": "climbing_adventure",
        "website": "https://www.accrocamp.com/parcs-accrobranche/chaville/"
      },
      "geometry": {
        "type": "Point",
        "coordinates": [
          2.1929031,
          48.8047536
        ]
      },
      "id": "node/6834177898"
    },
    {
      "type": "Feature",
      "properties": {
        "@id": "node/6926346903",
        "name": "Parc Krobranche",
        "sport": "climbing_adventure",
        "website": "https://citesouterrainedenaours.fr/citesouterraine/presentation-accrobranche/"
      },
      "geometry": {
        "type": "Point",
        "coordinates": [
          2.2850546,
          50.0331549
        ]
      },
      "id": "node/6926346903"
    },
    {
      "type": "Feature",
      "properties": {
        "@id": "node/7076271542",
        "leisure": "pitch",
        "sport": "climbing_adventure"
      },
      "geometry": {
        "type": "Point",
        "coordinates": [
          6.5879997,
          47.0486734
        ]
      },
      "id": "node/7076271542"
    },
    {
      "type": "Feature",
      "properties": {
        "@id": "node/7110704118",
        "name": "Parcours Tarzan",
        "source": "Le ministère de la ville, de la jeunesse et des sports - 01/2018",
        "sport": "climbing_adventure"
      },
      "geometry": {
        "type": "Point",
        "coordinates": [
          4.1383095,
          44.9280971
        ]
      },
      "id": "node/7110704118"
    },
    {
      "type": "Feature",
      "properties": {
        "@id": "node/7141694974",
        "sport": "climbing_adventure"
      },
      "geometry": {
        "type": "Point",
        "coordinates": [
          2.1597813,
          48.4230377
        ]
      },
      "id": "node/7141694974"
    },
    {
      "type": "Feature",
      "properties": {
        "@id": "node/7206236781",
        "leisure": "playground",
        "name": "Parc Aventure Ghisoni",
        "sport": "climbing_adventure"
      },
      "geometry": {
        "type": "Point",
        "coordinates": [
          9.2427703,
          42.0996516
        ]
      },
      "id": "node/7206236781"
    },
    {
      "type": "Feature",
      "properties": {
        "@id": "node/7218132622",
        "building": "no",
        "leisure": "sports_centre",
        "name": "Corsica Forest Canyoning",
        "sport": "climbing_adventure",
        "website": "https://corsica-forest.com"
      },
      "geometry": {
        "type": "Point",
        "coordinates": [
          9.3222307,
          41.8346312
        ]
      },
      "id": "node/7218132622"
    },
    {
      "type": "Feature",
      "properties": {
        "@id": "node/7600139462",
        "leisure": "pitch",
        "name": "Parcours Aventure",
        "sport": "climbing_adventure"
      },
      "geometry": {
        "type": "Point",
        "coordinates": [
          2.4590512,
          49.3114089
        ]
      },
      "id": "node/7600139462"
    },
    {
      "type": "Feature",
      "properties": {
        "@id": "node/7646310724",
        "leisure": "sports_centre",
        "name": "Les Perchés du Moun",
        "sport": "climbing_adventure"
      },
      "geometry": {
        "type": "Point",
        "coordinates": [
          -0.5359483,
          43.8775913
        ]
      },
      "id": "node/7646310724"
    },
    {
      "type": "Feature",
      "properties": {
        "@id": "node/7699750877",
        "leisure": "sports_centre",
        "name": "Indiana Parc",
        "sport": "climbing_adventure",
        "wikidata": "Q120317384"
      },
      "geometry": {
        "type": "Point",
        "coordinates": [
          6.7019234,
          46.1863617
        ]
      },
      "id": "node/7699750877"
    },
    {
      "type": "Feature",
      "properties": {
        "@id": "node/7704964915",
        "leisure": "sports_centre",
        "name": "Lac'Cro Parc",
        "sport": "climbing_adventure"
      },
      "geometry": {
        "type": "Point",
        "coordinates": [
          2.3459625,
          43.4633551
        ]
      },
      "id": "node/7704964915"
    },
    {
      "type": "Feature",
      "properties": {
        "@id": "node/7716875618",
        "addr:city": "Le Puy-en-Velay",
        "addr:postcode": "43000",
        "addr:street": "Chemin de Bonnassieu",
        "facebook": "https://www.facebook.com/accrovelay/",
        "fee": "yes",
        "leisure": "sports_centre",
        "name": "AccroVelay",
        "payment:cash": "yes",
        "payment:cheques_vacances": "yes",
        "payment:credit_cards": "yes",
        "phone": "+33671269977",
        "sport": "climbing_adventure",
        "website": "https://www.accrobranche-hauteloire.fr/fr/accrobranche-enfant"
      },
      "geometry": {
        "type": "Point",
        "coordinates": [
          3.8924984,
          45.0340328
        ]
      },
      "id": "node/7716875618"
    },
    {
      "type": "Feature",
      "properties": {
        "@id": "node/7736070742",
        "leisure": "sports_centre",
        "sport": "climbing_adventure"
      },
      "geometry": {
        "type": "Point",
        "coordinates": [
          0.2682209,
          49.6867771
        ]
      },
      "id": "node/7736070742"
    },
    {
      "type": "Feature",
      "properties": {
        "@id": "node/7766394097",
        "leisure": "sports_centre",
        "name": "L'Accro'Planche",
        "sport": "climbing_adventure",
        "start_date": "2020-07-18"
      },
      "geometry": {
        "type": "Point",
        "coordinates": [
          6.7789487,
          47.7756828
        ]
      },
      "id": "node/7766394097"
    },
    {
      "type": "Feature",
      "properties": {
        "@id": "node/7775620283",
        "leisure": "sports_centre",
        "name": "Parcabout",
        "operator": "Parc animalier et botanique de Branféré",
        "sport": "climbing_adventure"
      },
      "geometry": {
        "type": "Point",
        "coordinates": [
          -2.396248,
          47.5920302
        ]
      },
      "id": "node/7775620283"
    },
    {
      "type": "Feature",
      "properties": {
        "@id": "node/7777416367",
        "leisure": "sports_centre",
        "name": "Là Haut",
        "sport": "climbing_adventure"
      },
      "geometry": {
        "type": "Point",
        "coordinates": [
          -1.3136012,
          43.8843481
        ]
      },
      "id": "node/7777416367"
    },
    {
      "type": "Feature",
      "properties": {
        "@id": "node/7780929585",
        "addr:postcode": "40170",
        "addr:street": "Route de Lespecier",
        "description": "Ouvert d'avril à novembre",
        "leisure": "pitch",
        "name": "Accrobranches Bias Aventure",
        "name:en": "Bias aventure - Tree climbing",
        "name:oc": "Arrapa Palancas Biars Aventura",
        "phone": "+33 6 16 51 81 99",
        "sport": "climbing_adventure",
        "tourism": "attraction",
        "website": "https://www.bias-aventure.com/"
      },
      "geometry": {
        "type": "Point",
        "coordinates": [
          -1.2441566,
          44.1458663
        ]
      },
      "id": "node/7780929585"
    },
    {
      "type": "Feature",
      "properties": {
        "@id": "node/7781666030",
        "description": ";Accrobranche",
        "leisure": "park",
        "name": "Saumur forest aventures",
        "sport": "climbing_adventure",
        "website": "https://www.parc49-saumurforestaventures.fr/"
      },
      "geometry": {
        "type": "Point",
        "coordinates": [
          -0.1129324,
          47.2513052
        ]
      },
      "id": "node/7781666030"
    },
    {
      "type": "Feature",
      "properties": {
        "@id": "node/7787965213",
        "leisure": "sports_centre",
        "name": "Parc Aventure de Chabrière",
        "phone": "+33 5 55 52 14 29",
        "sport": "climbing_adventure",
        "wheelchair": "no"
      },
      "geometry": {
        "type": "Point",
        "coordinates": [
          1.8901936,
          46.1279853
        ]
      },
      "id": "node/7787965213"
    },
    {
      "type": "Feature",
      "properties": {
        "@id": "node/7817891958",
        "leisure": "sports_centre",
        "name": "Serre Che Aventure",
        "sport": "climbing_adventure"
      },
      "geometry": {
        "type": "Point",
        "coordinates": [
          6.5459606,
          44.951624
        ]
      },
      "id": "node/7817891958"
    },
    {
      "type": "Feature",
      "properties": {
        "@id": "node/7825634424",
        "leisure": "sports_centre",
        "name": "Ailefroide aventure",
        "sport": "climbing_adventure"
      },
      "geometry": {
        "type": "Point",
        "coordinates": [
          6.4460912,
          44.8909119
        ]
      },
      "id": "node/7825634424"
    },
    {
      "type": "Feature",
      "properties": {
        "@id": "node/7827668387",
        "leisure": "sports_centre",
        "name": "Parc Oasis Aventura",
        "phone": "+33 4 75 68 94 40",
        "sport": "climbing_adventure",
        "website": "https://www.parcoasisaventura.fr"
      },
      "geometry": {
        "type": "Point",
        "coordinates": [
          5.0860148,
          45.2608834
        ]
      },
      "id": "node/7827668387"
    },
    {
      "type": "Feature",
      "properties": {
        "@id": "node/7832060736",
        "leisure": "sports_centre",
        "name": "Les Aventuriers du Lac",
        "opening_hours": "10:00-18:30 \"Only during Summer\"",
        "phone": "+33 6 24 79 25 99",
        "sport": "climbing_adventure",
        "website": "https://www.les-aventuriers-du-lac.com/",
        "wheelchair": "no"
      },
      "geometry": {
        "type": "Point",
        "coordinates": [
          6.6325343,
          46.0317929
        ]
      },
      "id": "node/7832060736"
    },
    {
      "type": "Feature",
      "properties": {
        "@id": "node/7840116510",
        "leisure": "sports_centre",
        "name": "Accrobranche Oz en Oisans",
        "phone": "+33 6 80 51 32 93",
        "sport": "climbing_adventure",
        "website": "https://www.oz-en-oisans.com/ete/offres/parc-de-loisirs-en-foret-oz-fr-ete-2801106/"
      },
      "geometry": {
        "type": "Point",
        "coordinates": [
          6.0757801,
          45.1337827
        ]
      },
      "id": "node/7840116510"
    },
    {
      "type": "Feature",
      "properties": {
        "@id": "node/7889899566",
        "leisure": "sports_centre",
        "name": "Indianaventures",
        "sport": "climbing_adventure",
        "website": "https://indianaventures.com/fr/sites/samoens-0"
      },
      "geometry": {
        "type": "Point",
        "coordinates": [
          6.7086513,
          46.0806462
        ]
      },
      "id": "node/7889899566"
    },
    {
      "type": "Feature",
      "properties": {
        "@id": "node/8022813714",
        "leisure": "sports_centre",
        "name": "Les aventuriers du lac",
        "sport": "climbing_adventure"
      },
      "geometry": {
        "type": "Point",
        "coordinates": [
          6.6794849,
          46.0870697
        ]
      },
      "id": "node/8022813714"
    },
    {
      "type": "Feature",
      "properties": {
        "@id": "node/8151238767",
        "leisure": "sports_centre",
        "sport": "climbing_adventure"
      },
      "geometry": {
        "type": "Point",
        "coordinates": [
          -1.3615885,
          43.2639563
        ]
      },
      "id": "node/8151238767"
    },
    {
      "type": "Feature",
      "properties": {
        "@id": "node/8197457679",
        "leisure": "pitch",
        "name": "La Jungle",
        "sport": "climbing_adventure"
      },
      "geometry": {
        "type": "Point",
        "coordinates": [
          4.2717969,
          43.9672865
        ]
      },
      "id": "node/8197457679"
    },
    {
      "type": "Feature",
      "properties": {
        "@id": "node/8265183316",
        "alt_name": "AccroYéti",
        "contact:facebook": "https://www.facebook.com/la.cabane.du.yeti/",
        "fee": "yes",
        "leisure": "sports_centre",
        "name": "AccroPirate",
        "phone": "+33 4 68 36 32 11",
        "sport": "climbing_adventure",
        "website": "https://lecomplexe66.wixsite.com/monsite"
      },
      "geometry": {
        "type": "Point",
        "coordinates": [
          2.9190139,
          42.6688199
        ]
      },
      "id": "node/8265183316"
    },
    {
      "type": "Feature",
      "properties": {
        "@id": "node/8523699052",
        "leisure": "pitch",
        "name": "Parc Arvanture",
        "sport": "climbing_adventure"
      },
      "geometry": {
        "type": "Point",
        "coordinates": [
          6.2505358,
          45.2141385
        ]
      },
      "id": "node/8523699052"
    },
    {
      "type": "Feature",
      "properties": {
        "@id": "node/8668620793",
        "addr:street": "Avenue Gaston Rebuffat",
        "email": "info@aventurefamille.com",
        "name": "Aventure Famille Accrobranche",
        "phone": "+33494457112",
        "sport": "climbing_adventure",
        "website": "https://www.aventurefamille.com/"
      },
      "geometry": {
        "type": "Point",
        "coordinates": [
          6.6167765,
          43.3311888
        ]
      },
      "id": "node/8668620793"
    },
    {
      "type": "Feature",
      "properties": {
        "@id": "node/8712042985",
        "name": "Xtrem Aventures",
        "sport": "climbing_adventure"
      },
      "geometry": {
        "type": "Point",
        "coordinates": [
          2.047992,
          49.0241923
        ]
      },
      "id": "node/8712042985"
    },
    {
      "type": "Feature",
      "properties": {
        "@id": "node/8746029667",
        "addr:street": "Col de Toutée",
        "leisure": "sports_centre",
        "name": "Martibusse Aventure",
        "sport": "climbing_adventure",
        "website": "https://martibusse-aventure.fr/"
      },
      "geometry": {
        "type": "Point",
        "coordinates": [
          3.5823928,
          45.5978051
        ]
      },
      "id": "node/8746029667"
    },
    {
      "type": "Feature",
      "properties": {
        "@id": "node/8768802275",
        "leisure": "pitch",
        "name": "Accrobranche",
        "sport": "climbing_adventure"
      },
      "geometry": {
        "type": "Point",
        "coordinates": [
          9.2723319,
          41.5761379
        ]
      },
      "id": "node/8768802275"
    },
    {
      "type": "Feature",
      "properties": {
        "@id": "node/8859595129",
        "leisure": "sports_centre",
        "name": "Parc Baron Aventure",
        "sport": "climbing_adventure"
      },
      "geometry": {
        "type": "Point",
        "coordinates": [
          -0.8051655,
          46.4688727
        ]
      },
      "id": "node/8859595129"
    },
    {
      "type": "Feature",
      "properties": {
        "@id": "node/8927222926",
        "email": "cascade.aventure@gmail.com",
        "fee": "yes",
        "leisure": "sports_centre",
        "name": "Cascade Aventure",
        "payment:cash": "yes",
        "payment:credit_cards": "yes",
        "phone": "+33 6 80 15 99 28",
        "sport": "climbing_adventure",
        "website": "https://cascadeaventure.wixsite.com"
      },
      "geometry": {
        "type": "Point",
        "coordinates": [
          6.7117531,
          46.1664177
        ]
      },
      "id": "node/8927222926"
    },
    {
      "type": "Feature",
      "properties": {
        "@id": "node/8963864572",
        "access": "customers",
        "leisure": "pitch",
        "name": "Parc Aventure du Thureau Auxerre - Accrobranche",
        "sport": "climbing_adventure"
      },
      "geometry": {
        "type": "Point",
        "coordinates": [
          3.5993359,
          47.8253867
        ]
      },
      "id": "node/8963864572"
    },
    {
      "type": "Feature",
      "properties": {
        "@id": "node/8989552506",
        "fee": "yes",
        "landuse": "recreation_ground",
        "leisure": "sports_centre",
        "name": "Accceuil Acrro passion",
        "payment:cash": "yes",
        "phone": "+33 6 16 75 27 79",
        "sport": "climbing_adventure",
        "tourism": "attraction",
        "wheelchair": "no"
      },
      "geometry": {
        "type": "Point",
        "coordinates": [
          5.106657,
          43.6368489
        ]
      },
      "id": "node/8989552506"
    },
    {
      "type": "Feature",
      "properties": {
        "@id": "node/8989890014",
        "leisure": "sports_centre",
        "sport": "climbing_adventure"
      },
      "geometry": {
        "type": "Point",
        "coordinates": [
          4.6215588,
          45.409316
        ]
      },
      "id": "node/8989890014"
    },
    {
      "type": "Feature",
      "properties": {
        "@id": "node/9023070588",
        "landuse": "recreation_ground",
        "name": "Ardèche Adventure Camp",
        "opening_hours": "Mo-Su 09:00-20:00",
        "phone": "+33 6 49563954",
        "sport": "climbing_adventure",
        "website": "https://www.adventurecamp.fr/"
      },
      "geometry": {
        "type": "Point",
        "coordinates": [
          4.2730631,
          44.4104267
        ]
      },
      "id": "node/9023070588"
    },
    {
      "type": "Feature",
      "properties": {
        "@id": "node/9053549834",
        "access": "customers",
        "leisure": "pitch",
        "name": "Parcours acrobatique forestier",
        "name:fr": "Parcours acrobatique forestier",
        "name:nl": "Hoogteparcours",
        "sport": "climbing_adventure"
      },
      "geometry": {
        "type": "Point",
        "coordinates": [
          2.190823,
          42.8972247
        ]
      },
      "id": "node/9053549834"
    },
    {
      "type": "Feature",
      "properties": {
        "@id": "node/9070606414",
        "leisure": "sports_centre",
        "name": "Arbracadabranche",
        "sport": "climbing_adventure",
        "website": "https://www.arbracadabranche.com/"
      },
      "geometry": {
        "type": "Point",
        "coordinates": [
          2.9949863,
          43.5745053
        ]
      },
      "id": "node/9070606414"
    },
    {
      "type": "Feature",
      "properties": {
        "@id": "node/9089272166",
        "leisure": "sports_centre",
        "sport": "climbing_adventure"
      },
      "geometry": {
        "type": "Point",
        "coordinates": [
          -3.0932549,
          47.4742021
        ]
      },
      "id": "node/9089272166"
    },
    {
      "type": "Feature",
      "properties": {
        "@id": "node/9244524183",
        "access": "customers",
        "leisure": "pitch",
        "name": "Parc Accrobranche Corsaire Aventure",
        "sport": "climbing_adventure",
        "website": "https://www.foretadrenaline.com/saint-pere/"
      },
      "geometry": {
        "type": "Point",
        "coordinates": [
          -1.9232839,
          48.5675039
        ]
      },
      "id": "node/9244524183"
    },
    {
      "type": "Feature",
      "properties": {
        "@id": "node/9335271327",
        "building": "no",
        "leisure": "sports_centre",
        "name": "Natura Canyon",
        "sport": "climbing_adventure",
        "website": "https://naturacanyon.com"
      },
      "geometry": {
        "type": "Point",
        "coordinates": [
          9.3216659,
          41.8349359
        ]
      },
      "id": "node/9335271327"
    },
    {
      "type": "Feature",
      "properties": {
        "@id": "node/9351393805",
        "email": "contact@accro-rioz.fr",
        "leisure": "sports_centre",
        "name": "Accro-Rioz",
        "phone": "+33 6 68 30 54 72",
        "sport": "climbing_adventure",
        "website": "https://accro-rioz.fr"
      },
      "geometry": {
        "type": "Point",
        "coordinates": [
          6.0774216,
          47.426791
        ]
      },
      "id": "node/9351393805"
    },
    {
      "type": "Feature",
      "properties": {
        "@id": "node/9358238942",
        "aerialway": "station",
        "aerialway:access": "entry",
        "aerialway:summer:access": "entry",
        "name": "Tyrolienne",
        "public_transport": "station",
        "sport": "climbing_adventure",
        "tourism": "attraction",
        "url": "https://www.magicadventure.org/la-tyrolienne"
      },
      "geometry": {
        "type": "Point",
        "coordinates": [
          6.4242364,
          45.4487085
        ]
      },
      "id": "node/9358238942"
    },
    {
      "type": "Feature",
      "properties": {
        "@id": "node/9370286096",
        "addr:city": "Saxel",
        "addr:postcode": "74420",
        "addr:street": "Route des Grands Communs",
        "contact:facebook": "https://www.facebook.com/gr.aventure.5?fref=ts",
        "contact:phone": "+33 6 03 26 33 67",
        "name": "Accroparc du Tetras",
        "source": "Le ministère de la ville, de la jeunesse et des sports - 2021-04",
        "sport": "climbing_adventure"
      },
      "geometry": {
        "type": "Point",
        "coordinates": [
          6.4083847,
          46.2468782
        ]
      },
      "id": "node/9370286096"
    },
    {
      "type": "Feature",
      "properties": {
        "@id": "node/9384391712",
        "leisure": "sports_centre",
        "name": "Prisme aventure",
        "sport": "climbing_adventure",
        "website": "https://www.parc-brunerie.com/"
      },
      "geometry": {
        "type": "Point",
        "coordinates": [
          5.5761137,
          45.3834154
        ]
      },
      "id": "node/9384391712"
    },
    {
      "type": "Feature",
      "properties": {
        "@id": "node/9412867130",
        "addr:city": "Auterive",
        "addr:street": "Route d'Espagne",
        "fee": "yes",
        "leisure": "sports_centre",
        "name": "Auterive Adventures",
        "phone": "+33 768553361",
        "sport": "climbing_adventure",
        "website": "https://www.auterive-adventures.com/"
      },
      "geometry": {
        "type": "Point",
        "coordinates": [
          1.4765613,
          43.343492
        ]
      },
      "id": "node/9412867130"
    },
    {
      "type": "Feature",
      "properties": {
        "@id": "node/9452312898",
        "leisure": "sports_centre",
        "name": "Colorado Aventures",
        "sport": "climbing_adventure",
        "website": "https://coloradoaventures.com/"
      },
      "geometry": {
        "type": "Point",
        "coordinates": [
          5.4656804,
          43.9108489
        ]
      },
      "id": "node/9452312898"
    },
    {
      "type": "Feature",
      "properties": {
        "@id": "node/9499282434",
        "source": "Le ministère de la ville, de la jeunesse et des sports - 2021-04",
        "sport": "climbing_adventure"
      },
      "geometry": {
        "type": "Point",
        "coordinates": [
          1.94546,
          47.89377
        ]
      },
      "id": "node/9499282434"
    },
    {
      "type": "Feature",
      "properties": {
        "@id": "node/9562048613",
        "name": "Via Ferrata de Chisà",
        "source": "Le ministère de la ville, de la jeunesse et des sports - 2021-04",
        "sport": "climbing_adventure",
        "tourism": "attraction",
        "website": "https://maviaferrata.fr/la-via-ferrata-de-chisa"
      },
      "geometry": {
        "type": "Point",
        "coordinates": [
          9.2648545,
          41.9261334
        ]
      },
      "id": "node/9562048613"
    },
    {
      "type": "Feature",
      "properties": {
        "@id": "node/9659412958",
        "contact:facebook": "maximebon.varappeevolution",
        "email": "maxime.bon@sfr.fr",
        "leisure": "sports_centre",
        "name": "Accro Viaduc Aventure",
        "opening_hours": "13:00-19:00 \"Sur rendez-vous\"; Jul-Sep 13:00-19:00 open",
        "phone": "+33 7 86 76 82 14",
        "ref:FR:SIRET": "51519353000034",
        "sport": "climbing_adventure",
        "website": "http://www.accro-viaduc-aventure.com"
      },
      "geometry": {
        "type": "Point",
        "coordinates": [
          5.7280569,
          46.411729
        ]
      },
      "id": "node/9659412958"
    },
    {
      "type": "Feature",
      "properties": {
        "@id": "node/9665941569",
        "email": "barcaparc@gmail.com",
        "leisure": "pitch",
        "name": "Barca Parc",
        "sport": "climbing_adventure",
        "tourism": "theme_park"
      },
      "geometry": {
        "type": "Point",
        "coordinates": [
          6.3541639,
          43.9623954
        ]
      },
      "id": "node/9665941569"
    },
    {
      "type": "Feature",
      "properties": {
        "@id": "node/9674184738",
        "charge": "8€ espace enfants;16€ accrobranche (<16 ans);20€ accrobranche adulte ;14€ tyrolienne géante",
        "fee": "yes",
        "name": "Auvergne Parc Aventure",
        "note": "Ouvert les weekends et durant les vacances (se renseigner",
        "phone": "+33 7 63 62 05 22",
        "sport": "climbing_adventure",
        "website": "https://auvergne-parcaventures.com/"
      },
      "geometry": {
        "type": "Point",
        "coordinates": [
          3.5026489,
          45.3687826
        ]
      },
      "id": "node/9674184738"
    },
    {
      "type": "Feature",
      "properties": {
        "@id": "node/9680459379",
        "contact:phone": "+33 7 83 28 26 10",
        "leisure": "sports_centre",
        "name": "Gadawi Park des Grandes Brosses",
        "operator": "Gadawi Park",
        "sport": "climbing_adventure",
        "website": "https://www.gadawi-park.fr/"
      },
      "geometry": {
        "type": "Point",
        "coordinates": [
          0.6842504,
          47.4412476
        ]
      },
      "id": "node/9680459379"
    },
    {
      "type": "Feature",
      "properties": {
        "@id": "node/9726096168",
        "fee": "yes",
        "landuse": "recreation_ground",
        "leisure": "sports_centre",
        "mobile": "+33 6 52 22 50 11",
        "name": "Ecodrome de Dijon",
        "sport": "climbing_adventure",
        "website": "https://ecodrome-dijon.com/"
      },
      "geometry": {
        "type": "Point",
        "coordinates": [
          5.0467561,
          47.3010298
        ]
      },
      "id": "node/9726096168"
    },
    {
      "type": "Feature",
      "properties": {
        "@id": "node/9731035403",
        "leisure": "sports_centre",
        "name": "Fun Shop",
        "sport": "climbing_adventure"
      },
      "geometry": {
        "type": "Point",
        "coordinates": [
          0.8400679,
          48.7270693
        ]
      },
      "id": "node/9731035403"
    },
    {
      "type": "Feature",
      "properties": {
        "@id": "node/9858550563",
        "leisure": "sports_centre",
        "name": "Cilaosa Parc Aventure",
        "sport": "climbing_adventure",
        "website": "https://www.cilaosparc.com/"
      },
      "geometry": {
        "type": "Point",
        "coordinates": [
          55.4925464,
          -21.1279871
        ]
      },
      "id": "node/9858550563"
    },
    {
      "type": "Feature",
      "properties": {
        "@id": "node/9942792239",
        "name": "Monkey's Forest",
        "sport": "climbing_adventure",
        "website": "https://www.monkeysforest.fr/"
      },
      "geometry": {
        "type": "Point",
        "coordinates": [
          0.8930703,
          44.5938258
        ]
      },
      "id": "node/9942792239"
    },
    {
      "type": "Feature",
      "properties": {
        "@id": "node/9947278227",
        "landuse": "recreation_ground",
        "leisure": "sports_centre",
        "name": "Forest Sensation",
        "sport": "climbing_adventure",
        "start_date": "2018"
      },
      "geometry": {
        "type": "Point",
        "coordinates": [
          5.5977542,
          43.7128093
        ]
      },
      "id": "node/9947278227"
    },
    {
      "type": "Feature",
      "properties": {
        "@id": "node/9947869126",
        "name": "Accrobranche de l'Orbière",
        "phone": "+33 2 43 56 63 93",
        "sport": "climbing_adventure",
        "website": "https://lorbiere.fr"
      },
      "geometry": {
        "type": "Point",
        "coordinates": [
          -0.7152752,
          48.0306256
        ]
      },
      "id": "node/9947869126"
    },
    {
      "type": "Feature",
      "properties": {
        "@id": "node/9948120022",
        "addr:city": "Val-Cenis",
        "addr:postcode": "73500",
        "addr:street": "Route de Bellecombe",
        "cash_withdrawal": "no",
        "leisure": "sports_centre",
        "name": "Akropark de la Vanoise",
        "payment:cash": "yes",
        "payment:credit_cards": "no",
        "payment:debit_cards": "no",
        "phone": "+33 6 32 06 73 37",
        "sport": "climbing_adventure",
        "website": "https://www.akroparc.fr/"
      },
      "geometry": {
        "type": "Point",
        "coordinates": [
          6.8208974,
          45.2969417
        ]
      },
      "id": "node/9948120022"
    },
    {
      "type": "Feature",
      "properties": {
        "@id": "node/9949253648",
        "addr:street": "Plan d'eau, 03250 Le Mayet de Montagne, France",
        "name": "Saint Clément Aventure - Tree Climbing And Activities Dans L'allier",
        "sport": "climbing_adventure",
        "website": "https://www.allier-altitudes.fr"
      },
      "geometry": {
        "type": "Point",
        "coordinates": [
          3.696429,
          46.0785651
        ]
      },
      "id": "node/9949253648"
    },
    {
      "type": "Feature",
      "properties": {
        "@id": "node/10002830845",
        "fee": "yes",
        "leisure": "sports_centre",
        "name": "Atout Branches",
        "sport": "climbing_adventure"
      },
      "geometry": {
        "type": "Point",
        "coordinates": [
          2.4492097,
          48.4088041
        ]
      },
      "id": "node/10002830845"
    },
    {
      "type": "Feature",
      "properties": {
        "@id": "node/10017548793",
        "leisure": "sports_centre",
        "name": "Les Z'Accrochés",
        "sport": "climbing_adventure",
        "website": "https://www.leszaccroches.fr/"
      },
      "geometry": {
        "type": "Point",
        "coordinates": [
          3.2420397,
          46.9594529
        ]
      },
      "id": "node/10017548793"
    },
    {
      "type": "Feature",
      "properties": {
        "@id": "node/10123561356",
        "addr:street": "Plaine de la Gentiane Ballon d’Alsace",
        "leisure": "sports_centre",
        "name": "Parc Aventure au Ballon d'Alsace",
        "nohousenumber": "yes",
        "opening_hours": "We,Sa,Su, 10:00-18:00",
        "phone": "+33 6 33 05 22 56",
        "sport": "climbing_adventure",
        "website": "https://ballondalsaceaventure.com/"
      },
      "geometry": {
        "type": "Point",
        "coordinates": [
          6.8488891,
          47.8033324
        ]
      },
      "id": "node/10123561356"
    },
    {
      "type": "Feature",
      "properties": {
        "@id": "node/10248598189",
        "sport": "climbing_adventure"
      },
      "geometry": {
        "type": "Point",
        "coordinates": [
          -0.3496255,
          44.0613284
        ]
      },
      "id": "node/10248598189"
    },
    {
      "type": "Feature",
      "properties": {
        "@id": "node/10284899344",
        "contact:street": "Rue de la Quarante Semaine",
        "email": "spinaparc@epinal.fr",
        "fee": "yes",
        "leisure": "sports_centre",
        "name": "Spinaparc",
        "phone": "+33 3 29 82 03 67",
        "sport": "climbing_adventure",
        "website": "https://www.epinal.fr/que-faire-a-epinal/sport/spinaparc/"
      },
      "geometry": {
        "type": "Point",
        "coordinates": [
          6.4681819,
          48.1643462
        ]
      },
      "id": "node/10284899344"
    },
    {
      "type": "Feature",
      "properties": {
        "@id": "node/10699433351",
        "name": "Mystic Woods Park",
        "sport": "climbing_adventure",
        "tourism": "theme_park"
      },
      "geometry": {
        "type": "Point",
        "coordinates": [
          -0.2943134,
          44.522324
        ]
      },
      "id": "node/10699433351"
    },
    {
      "type": "Feature",
      "properties": {
        "@id": "node/10843856901",
        "description": "Accrobranche pour enfants",
        "leisure": "pitch",
        "sport": "climbing_adventure"
      },
      "geometry": {
        "type": "Point",
        "coordinates": [
          2.7691413,
          42.7882689
        ]
      },
      "id": "node/10843856901"
    },
    {
      "type": "Feature",
      "properties": {
        "@id": "node/10991251990",
        "name": "Jeux de toutes sortes pour enfants et bancs le long des promenades",
        "opening_hours": "24/7",
        "sport": "climbing_adventure"
      },
      "geometry": {
        "type": "Point",
        "coordinates": [
          4.0235982,
          49.2558994
        ]
      },
      "id": "node/10991251990"
    },
    {
      "type": "Feature",
      "properties": {
        "@id": "node/11029749559",
        "contact:website": "https://www.plateaudyzeron.com/",
        "leisure": "sports_centre",
        "name": "Accrobranche Plateau d'Yzeron",
        "sport": "climbing_adventure",
        "wheelchair": "no"
      },
      "geometry": {
        "type": "Point",
        "coordinates": [
          4.5772702,
          45.7044881
        ]
      },
      "id": "node/11029749559"
    },
    {
      "type": "Feature",
      "properties": {
        "@id": "node/11062318595",
        "addr:street": "Route de Fertôts",
        "name": "Fun Park Aventure",
        "sport": "climbing_adventure",
        "website": "https://fun-parc-aventure.fr/"
      },
      "geometry": {
        "type": "Point",
        "coordinates": [
          3.0978632,
          46.9310514
        ]
      },
      "id": "node/11062318595"
    },
    {
      "type": "Feature",
      "properties": {
        "@id": "node/11062793305",
        "contact:email": "montciel.parcaventure@gmail.com",
        "contact:facebook": "100086633392382",
        "contact:phone": "+33 6 46 60 94 46",
        "contact:website": "https://www.montciel-aventure.com/",
        "leisure": "sports_centre",
        "name": "Montciel Aventure",
        "opening_hours": "Apr-Jun,Sep,Oct We,Sa,Su 13:30-18:00; Apr-Jun,Sep,Oct SH 13:30-18:00; Jul-Aug 10:30-19:00",
        "operator": "Marine Lebas",
        "ref:FR:SIRET": "92773943300013",
        "sport": "climbing_adventure",
        "was:ref:FR:SIRET": "48203364400063"
      },
      "geometry": {
        "type": "Point",
        "coordinates": [
          5.537717,
          46.6681505
        ]
      },
      "id": "node/11062793305"
    },
    {
      "type": "Feature",
      "properties": {
        "@id": "node/11074560003",
        "brand": "AccroCamp",
        "brand:website": "https://www.accrocamp.com",
        "check_date": "2023-07-29",
        "contact:email": "nantes@accrocamp.com",
        "contact:website": "https://www.accrocamp.com/parcs-accrobranche/nantes-44",
        "leisure": "sports_centre",
        "name": "AccroCamp Nantes",
        "opening_hours": "Apr-Nov: We,Sa,Su,PH,SH 10:00-19:00; Jun-Aug: Mo-Su 10:00-19:00",
        "operator": "AccroCamp",
        "reservation": "recommended",
        "sport": "climbing_adventure",
        "start_date": "2023-07",
        "wheelchair": "no"
      },
      "geometry": {
        "type": "Point",
        "coordinates": [
          -1.5220072,
          47.2110923
        ]
      },
      "id": "node/11074560003"
    },
    {
      "type": "Feature",
      "properties": {
        "@id": "node/11090946132",
        "name": "La Forêt Magique",
        "phone": "+33 6 21 12 13 94",
        "sport": "climbing_adventure",
        "website": "https://www.laforetmagiquechamonix.com/"
      },
      "geometry": {
        "type": "Point",
        "coordinates": [
          6.9017105,
          45.951778
        ]
      },
      "id": "node/11090946132"
    },
    {
      "type": "Feature",
      "properties": {
        "@id": "node/11113853883",
        "description": "Tyrolienne à virages unique dans les Pyrrenées.",
        "leisure": "sports_centre",
        "name": "Laruns Aventures",
        "phone": "+33 7 86 00 60 12",
        "sport": "climbing_adventure",
        "website": "https://www.larunsaventures.com/"
      },
      "geometry": {
        "type": "Point",
        "coordinates": [
          -0.4208713,
          42.9805335
        ]
      },
      "id": "node/11113853883"
    },
    {
      "type": "Feature",
      "properties": {
        "@id": "node/11122116900",
        "fee": "yes",
        "landuse": "recreation_ground",
        "leisure": "sports_centre",
        "name": "O'fil des branches - Accrobranche",
        "sport": "climbing_adventure"
      },
      "geometry": {
        "type": "Point",
        "coordinates": [
          -0.1245297,
          49.2885645
        ]
      },
      "id": "node/11122116900"
    },
    {
      "type": "Feature",
      "properties": {
        "@id": "node/11134509272",
        "abandoned:landuse": "recreation_ground",
        "sport": "climbing_adventure"
      },
      "geometry": {
        "type": "Point",
        "coordinates": [
          1.6715332,
          44.5199106
        ]
      },
      "id": "node/11134509272"
    },
    {
      "type": "Feature",
      "properties": {
        "@id": "node/11143277180",
        "leisure": "sports_centre",
        "name": "Azimuts",
        "sport": "climbing_adventure"
      },
      "geometry": {
        "type": "Point",
        "coordinates": [
          6.1097742,
          45.3927324
        ]
      },
      "id": "node/11143277180"
    },
    {
      "type": "Feature",
      "properties": {
        "@id": "node/11150405330",
        "contact:email": "contact@beaussaisaventure.fr",
        "contact:phone": "+33 6 07647124",
        "contact:website": "https://beaussaisaventure.fr/",
        "leisure": "sports_centre",
        "name": "Beaussais Aventure",
        "sport": "climbing_adventure",
        "start_date": "2023-04-08"
      },
      "geometry": {
        "type": "Point",
        "coordinates": [
          -2.1316105,
          48.5840422
        ]
      },
      "id": "node/11150405330"
    },
    {
      "type": "Feature",
      "properties": {
        "@id": "node/11153167679",
        "addr:city": "Amou",
        "addr:housenumber": "240",
        "addr:street": "Chemin de Chabrague",
        "fee": "yes",
        "leisure": "sports_centre",
        "name": "Accrobranche Amou",
        "phone": "+33 7 88 98 97 94",
        "sport": "climbing_adventure",
        "website": "https://accrobrancheamou.fr/"
      },
      "geometry": {
        "type": "Point",
        "coordinates": [
          -0.718158,
          43.6078593
        ]
      },
      "id": "node/11153167679"
    },
    {
      "type": "Feature",
      "properties": {
        "@id": "node/11162719571",
        "addr:housenumber": "225",
        "addr:street": "Route de la Bouverie",
        "leisure": "sports_centre",
        "name": "Indian Forest",
        "phone": "+33 5 46 22 55 45",
        "sport": "climbing_adventure",
        "website": "https://indianforest17.fr/"
      },
      "geometry": {
        "type": "Point",
        "coordinates": [
          -1.183751,
          45.728601
        ]
      },
      "id": "node/11162719571"
    },
    {
      "type": "Feature",
      "properties": {
        "@id": "node/11162769375",
        "addr:housenumber": "9",
        "addr:street": "Allée des Chèvrefeuilles",
        "name": "Coolongalook",
        "opening_hours": "Apr-Jun We, Sa, Su 13:30-19:00; Jul-Aug Mo-Su 9:30-20:30; Sep-Oct We,Sa,Su 13:30-19:00",
        "phone": "+33 9 83 48 61 94",
        "sport": "climbing_adventure"
      },
      "geometry": {
        "type": "Point",
        "coordinates": [
          -1.0205592,
          45.6538099
        ]
      },
      "id": "node/11162769375"
    },
    {
      "type": "Feature",
      "properties": {
        "@id": "node/11233068068",
        "activity": "highwire",
        "fee": "yes",
        "leisure": "sports_centre",
        "name": "Tyrol Aventure",
        "sport": "climbing_adventure"
      },
      "geometry": {
        "type": "Point",
        "coordinates": [
          6.5429309,
          45.7205832
        ]
      },
      "id": "node/11233068068"
    },
    {
      "type": "Feature",
      "properties": {
        "@id": "node/11674108953",
        "leisure": "playground",
        "sport": "climbing_adventure"
      },
      "geometry": {
        "type": "Point",
        "coordinates": [
          2.4255645,
          48.7728455
        ]
      },
      "id": "node/11674108953"
    },
    {
      "type": "Feature",
      "properties": {
        "@id": "node/11734144994",
        "description": "8 parcours, 93 ateliers",
        "fixme": "emplacement à préciser",
        "leisure": "sports_centre",
        "name": "Accrobranche Fort de Bron",
        "operator": "France Aventures",
        "phone": "+33 4 78 36 31 75",
        "source": "Le Progrès 2024-03-13",
        "sport": "climbing_adventure",
        "start_date": "2024-03-30",
        "website": "https://www.france-aventures.com/lyon-fort-bron/"
      },
      "geometry": {
        "type": "Point",
        "coordinates": [
          4.9206658,
          45.7309383
        ]
      },
      "id": "node/11734144994"
    },
    {
      "type": "Feature",
      "properties": {
        "@id": "node/11795703703",
        "addr:postcode": "43300",
        "addr:street": "Chemin de la Vigerie",
        "email": "contact@saint-gal-parc.fr",
        "leisure": "sports_centre",
        "name": "Parc Aventures",
        "phone": "+33756906224",
        "sport": "climbing_adventure",
        "website": "https://www.saint-gal-parc.fr/"
      },
      "geometry": {
        "type": "Point",
        "coordinates": [
          3.5012805,
          45.0962632
        ]
      },
      "id": "node/11795703703"
    },
    {
      "type": "Feature",
      "properties": {
        "@id": "node/11850809585",
        "description:fr": "Parc Acrobatique Forestier",
        "leisure": "sports_centre",
        "name": "Espace Fouletot",
        "sport": "climbing_adventure",
        "website": "https://espace-fouletot.fr/"
      },
      "geometry": {
        "type": "Point",
        "coordinates": [
          5.5892327,
          46.9630372
        ]
      },
      "id": "node/11850809585"
    },
    {
      "type": "Feature",
      "properties": {
        "@id": "node/12012403675",
        "leisure": "pitch",
        "name": "Cime Parc - Parcours Accrobranche",
        "sport": "climbing_adventure"
      },
      "geometry": {
        "type": "Point",
        "coordinates": [
          6.3595143,
          45.4172432
        ]
      },
      "id": "node/12012403675"
    },
    {
      "type": "Feature",
      "properties": {
        "@id": "node/12025363333",
        "access": "customers",
        "fee": "yes",
        "leisure": "pitch",
        "name": "AccroCamp Toulouse",
        "sport": "climbing_adventure",
        "website": "https://accrocamp.com/parcs/toulouse/"
      },
      "geometry": {
        "type": "Point",
        "coordinates": [
          1.4178905,
          43.6543749
        ]
      },
      "id": "node/12025363333"
    },
    {
      "type": "Feature",
      "properties": {
        "@id": "node/12031269278",
        "addr:city": "Caille",
        "addr:postcode": "06750",
        "addr:street": "Chemin du Parc de la Moulière",
        "contact:email": "contact.arbreetaventuremouliere@gmail.com",
        "contact:facebook": "https://www.facebook.com/p/Arbre-et-Aventure-La-Mouli%C3%A8re-100057314715599",
        "contact:phone": "+33 6 50 59 04 06",
        "fee": "yes",
        "leisure": "sports_centre",
        "name": "Arbre et Aventure La Moulière",
        "payment:cards": "yes",
        "payment:cash": "yes",
        "payment:contactless": "yes",
        "sport": "climbing_adventure",
        "website": "https://arbre-aventure-lamouliere.fr/parc-acrobatique-la-mouliere/"
      },
      "geometry": {
        "type": "Point",
        "coordinates": [
          6.7602597,
          43.7544779
        ]
      },
      "id": "node/12031269278"
    },
    {
      "type": "Feature",
      "properties": {
        "@id": "node/12048976211",
        "leisure": "sports_centre",
        "name": "Mayaventure",
        "sport": "climbing_adventure"
      },
      "geometry": {
        "type": "Point",
        "coordinates": [
          1.7105732,
          45.1856524
        ]
      },
      "id": "node/12048976211"
    },
    {
      "type": "Feature",
      "properties": {
        "@id": "node/12075520748",
        "leisure": "sports_centre",
        "name": "Up & Go",
        "sport": "climbing_adventure",
        "website": "https://www.upandgopark.com/"
      },
      "geometry": {
        "type": "Point",
        "coordinates": [
          6.7332677,
          45.5525039
        ]
      },
      "id": "node/12075520748"
    },
    {
      "type": "Feature",
      "properties": {
        "@id": "node/12094239104",
        "leisure": "sports_centre",
        "sport": "climbing_adventure"
      },
      "geometry": {
        "type": "Point",
        "coordinates": [
          3.2913735,
          46.3041671
        ]
      },
      "id": "node/12094239104"
    },
    {
      "type": "Feature",
      "properties": {
        "@id": "node/12110747649",
        "name": "Accrobranche",
        "sport": "climbing_adventure"
      },
      "geometry": {
        "type": "Point",
        "coordinates": [
          6.3204467,
          46.8029718
        ]
      },
      "id": "node/12110747649"
    },
    {
      "type": "Feature",
      "properties": {
        "@id": "node/12116745822",
        "contact:city": "Saint-Bris-des-Bois",
        "contact:email": "parc.aventure@fontdouce.com",
        "contact:facebook": "https://www.facebook.com/parc.aventure.fontdouce/",
        "contact:housenumber": "1",
        "contact:instagram": "https://www.instagram.com/parcaventuredefontdouce/",
        "contact:mobile": "+336 20 40 02 88",
        "contact:phone": "+335 46 94 18 78",
        "contact:postcode": "17770",
        "contact:street": "Rue du Vivier",
        "contact:youtube": "https://www.youtube.com/watch?v=StbDPOl8_aE",
        "fee": "yes",
        "leisure": "sports_centre;escape_game;laser_tag",
        "name": "Parc Aventure de Fontdouce",
        "reservation": "recommended",
        "reservation:website": "https://www.parc-aventure-fontdouce.com/fr/nos-tarifs/",
        "sport": "climbing_adventure",
        "survey:date": "2024-08-15",
        "website": "https://www.parc-aventure-fontdouce.com/"
      },
      "geometry": {
        "type": "Point",
        "coordinates": [
          -0.4606916,
          45.7700927
        ]
      },
      "id": "node/12116745822"
    },
    {
      "type": "Feature",
      "properties": {
        "@id": "node/12117297381",
        "description": "Accueil accrobranche",
        "sport": "climbing_adventure"
      },
      "geometry": {
        "type": "Point",
        "coordinates": [
          2.3933758,
          49.1137912
        ]
      },
      "id": "node/12117297381"
    },
    {
      "type": "Feature",
      "properties": {
        "@id": "node/12117507348",
        "landuse": "recreation_ground",
        "leisure": "sports_centre",
        "name": "Payolle-Aventure",
        "sport": "climbing_adventure"
      },
      "geometry": {
        "type": "Point",
        "coordinates": [
          0.2978827,
          42.93268
        ]
      },
      "id": "node/12117507348"
    },
    {
      "type": "Feature",
      "properties": {
        "@id": "node/12118029269",
        "leisure": "sports_centre",
        "name": "Parc Aya Accrobranche",
        "phone": "+33 6 19 90 77 27",
        "sport": "climbing_adventure",
        "website": "https://www.parc-aventure-65.fr/",
        "wheelchair": "no"
      },
      "geometry": {
        "type": "Point",
        "coordinates": [
          0.0909987,
          42.9635022
        ]
      },
      "id": "node/12118029269"
    },
    {
      "type": "Feature",
      "properties": {
        "@id": "node/12120295025",
        "leisure": "sports_centre",
        "sport": "climbing_adventure"
      },
      "geometry": {
        "type": "Point",
        "coordinates": [
          6.1949654,
          44.8143739
        ]
      },
      "id": "node/12120295025"
    },
    {
      "type": "Feature",
      "properties": {
        "@id": "node/12172312561",
        "addr:housenumber": "399",
        "addr:street": "Rue d'Offaz",
        "contact:facebook": "abondanceparcaventure",
        "leisure": "sports_centre",
        "name": "Arbr'Acadabra",
        "sport": "climbing_adventure",
        "website": "http://www.arbracadabra.fr/"
      },
      "geometry": {
        "type": "Point",
        "coordinates": [
          6.7153548,
          46.2791004
        ]
      },
      "id": "node/12172312561"
    },
    {
      "type": "Feature",
      "properties": {
        "@id": "node/12178356193",
        "name": "Accro Verdon",
        "sport": "climbing_adventure"
      },
      "geometry": {
        "type": "Point",
        "coordinates": [
          6.2215838,
          43.6790791
        ]
      },
      "id": "node/12178356193"
    },
    {
      "type": "Feature",
      "properties": {
        "@id": "node/12249085211",
        "name": "Acromix",
        "natural": "cliff",
        "sport": "climbing_adventure"
      },
      "geometry": {
        "type": "Point",
        "coordinates": [
          3.0964157,
          43.1123394
        ]
      },
      "id": "node/12249085211"
    },
    {
      "type": "Feature",
      "properties": {
        "@id": "node/12626020703",
        "award:accueilvelo": "yes",
        "name": "Argelès Aventure",
        "opening_hours": "Mo-Su 14:00-18:00",
        "phone": "+33 4 68 95 41 66",
        "sport": "climbing_adventure",
        "website": "https://www.paradise-aventures.com/"
      },
      "geometry": {
        "type": "Point",
        "coordinates": [
          3.0384386,
          42.5751723
        ]
      },
      "id": "node/12626020703"
    },
    {
      "type": "Feature",
      "properties": {
        "@id": "node/12801820324",
        "addr:city": "Saint-Sauveur-le-Vicomte",
        "addr:postcode": "50390",
        "addr:street": "Route de l'Étang",
        "fee": "yes",
        "leisure": "sports_centre",
        "name": "Forest adventure",
        "phone": "+33 2 33 52 57 42",
        "sport": "climbing_adventure",
        "website": "https://forestadventure.fr/"
      },
      "geometry": {
        "type": "Point",
        "coordinates": [
          -1.5268834,
          49.3761667
        ]
      },
      "id": "node/12801820324"
    },
    {
      "type": "Feature",
      "properties": {
        "@id": "node/12818123938",
        "addr:city": "Meudon",
        "addr:postcode": "92190",
        "addr:street": "Route du Pavillon l'Abbé",
        "fee": "yes",
        "leisure": "sports_centre",
        "name": "Ecopark Meudon",
        "phone": "+33 7 61 24 61 52",
        "sport": "climbing_adventure",
        "website": "https://ecopark-adventures.com/parc/meudon-hauts-de-seine-92/"
      },
      "geometry": {
        "type": "Point",
        "coordinates": [
          2.2164568,
          48.809746
        ]
      },
      "id": "node/12818123938"
    },
    {
      "type": "Feature",
      "properties": {
        "@id": "node/12876040652",
        "leisure": "high_ropes_course",
        "name": "Jumping Forest",
        "sport": "climbing_adventure",
        "website": "https://www.jumpingforest.com/"
      },
      "geometry": {
        "type": "Point",
        "coordinates": [
          3.1958458,
          48.6242195
        ]
      },
      "id": "node/12876040652"
    },
    {
      "type": "Feature",
      "properties": {
        "@id": "node/12923556175",
        "leisure": "sports_centre",
        "ref:FR:sport_equip": "E002I362020008",
        "sport": "climbing_adventure"
      },
      "geometry": {
        "type": "Point",
        "coordinates": [
          1.5931168,
          46.7687725
        ]
      },
      "id": "node/12923556175"
    },
    {
      "type": "Feature",
      "properties": {
        "@id": "node/12946226155",
        "leisure": "sports_centre",
        "name": "Acro'Parc",
        "sport": "climbing_adventure"
      },
      "geometry": {
        "type": "Point",
        "coordinates": [
          5.3790727,
          44.7436854
        ]
      },
      "id": "node/12946226155"
    },
    {
      "type": "Feature",
      "properties": {
        "@id": "node/12980685893",
        "leisure": "sports_centre",
        "name": "Le Pays suspendu des Géants",
        "operator": "SEM des Bauges",
        "sport": "climbing_adventure",
        "website": "https://www.aillons-margeriaz.com/station/pays-suspendu-geants"
      },
      "geometry": {
        "type": "Point",
        "coordinates": [
          6.1025513,
          45.6072197
        ]
      },
      "id": "node/12980685893"
    },
    {
      "type": "Feature",
      "properties": {
        "@id": "node/13022825268",
        "leisure": "sports_centre",
        "name": "Margeride Aventure",
        "sport": "climbing_adventure"
      },
      "geometry": {
        "type": "Point",
        "coordinates": [
          3.2268649,
          45.0094951
        ]
      },
      "id": "node/13022825268"
    },
    {
      "type": "Feature",
      "properties": {
        "@id": "node/13028340639",
        "description": "Accrobranche",
        "leisure": "sports_centre",
        "name": "Parc Aventure Oisans",
        "sport": "climbing_adventure",
        "website": "https://www.parc-aventure-oisans.fr/"
      },
      "geometry": {
        "type": "Point",
        "coordinates": [
          6.0229889,
          45.0575481
        ]
      },
      "id": "node/13028340639"
    },
    {
      "type": "Feature",
      "properties": {
        "@id": "node/13028654024",
        "fee": "yes",
        "leisure": "sports_centre",
        "name": "La Forêt Suspendue",
        "phone": "+33 6 82 46 93 88",
        "sport": "climbing_adventure",
        "website": "https://laforetsuspendue.com/"
      },
      "geometry": {
        "type": "Point",
        "coordinates": [
          -0.395925,
          42.9730438
        ]
      },
      "id": "node/13028654024"
    },
    {
      "type": "Feature",
      "properties": {
        "@id": "node/13031691492",
        "leisure": "sport",
        "sport": "climbing_adventure"
      },
      "geometry": {
        "type": "Point",
        "coordinates": [
          6.1937,
          44.8148148
        ]
      },
      "id": "node/13031691492"
    },
    {
      "type": "Feature",
      "properties": {
        "@id": "node/13063656247",
        "name": "Arbre et aventure 34",
        "sport": "climbing_adventure",
        "website": "https://www.arbreetaventure34.com/"
      },
      "geometry": {
        "type": "Point",
        "coordinates": [
          3.1928803,
          43.6078011
        ]
      },
      "id": "node/13063656247"
    },
    {
      "type": "Feature",
      "properties": {
        "@id": "node/13107103638",
        "description": "Parc d'aventure et hébergements insolites",
        "fee": "yes",
        "leisure": "sports_centre",
        "name": "Nature Évasion",
        "phone": "+33 6 16 99 07 95",
        "sport": "climbing_adventure",
        "website": "https://www.nature-evasion-19.fr/"
      },
      "geometry": {
        "type": "Point",
        "coordinates": [
          1.5384964,
          45.0746708
        ]
      },
      "id": "node/13107103638"
    },
    {
      "type": "Feature",
      "properties": {
        "@id": "node/13114162795",
        "leisure": "adventure_park",
        "name": "Parcours accrobranche (WAM Park)",
        "sport": "climbing_adventure"
      },
      "geometry": {
        "type": "Point",
        "coordinates": [
          6.2808601,
          45.6057965
        ]
      },
      "id": "node/13114162795"
    },
    {
      "type": "Feature",
      "properties": {
        "@id": "node/13127322991",
        "fee": "yes",
        "leisure": "sports_centre",
        "name": "Accrobranche La Forêt de Robin",
        "phone": "+33 6 98 83 19 99",
        "sport": "climbing_adventure",
        "website": "https://la-foret-de-robin.com/"
      },
      "geometry": {
        "type": "Point",
        "coordinates": [
          4.8661548,
          44.6663749
        ]
      },
      "id": "node/13127322991"
    },
    {
      "type": "Feature",
      "properties": {
        "@id": "node/13265126037",
        "addr:city": "Aniane",
        "addr:housenumber": "2bis",
        "addr:postcode": "34150",
        "addr:street": "Chemin du Rocher",
        "email": "accrodiableaventure@gmail.com",
        "fee": "yes",
        "leisure": "sports_centre",
        "name": "Accrodiable Aventure",
        "phone": "+33 7 69 67 68 97",
        "sport": "climbing_adventure",
        "website": "https://www.accrodiable-aventure.com"
      },
      "geometry": {
        "type": "Point",
        "coordinates": [
          3.5765896,
          43.6909794
        ]
      },
      "id": "node/13265126037"
    },
    {
      "type": "Feature",
      "properties": {
        "@id": "node/13337134045",
        "contact:phone": "+33 6 21 13 14 09",
        "email": "bouclesdeseine@accrocamp.com",
        "fee": "yes",
        "leisure": "adventure_park",
        "name": "AccroCamp Giverny",
        "opening_hours": "Apr 02-May 25: PH,We,Sa-Su 13:00-18:00; May 26-Aug 31: PH,We,Sa-Su 13:00-19:00; Sep: PH,We,Sa-Su 13:00-19:00; Oct: PH,We,Sa-Su 13:00-18:00",
        "sport": "climbing_adventure",
        "website": "https://accrocamp.com/parcs/giverny-boucles-de-seine-78/"
      },
      "geometry": {
        "type": "Point",
        "coordinates": [
          1.6748169,
          49.0571937
        ]
      },
      "id": "node/13337134045"
    },
    {
      "type": "Feature",
      "properties": {
        "@id": "node/13460558018",
        "leisure": "sports_centre",
        "name": "Parc accrobranche des Amoureux",
        "sport": "climbing_adventure",
        "website": "https://www.parc-acrobranche-queyras.com/"
      },
      "geometry": {
        "type": "Point",
        "coordinates": [
          6.8586042,
          44.7173606
        ]
      },
      "id": "node/13460558018"
    }
  ]
}